Cryosection,Replicate,Distance_from_one_side,Bacterial_count,Organ_source
G121eD3_1 tile.czi,2,1,0,old ileum
G121eD3_2 tile.czi - Scene #2,3,1,134,old ileum
G121eD3_3 tile.czi,1,1,0,old ileum
G121eO3_1 tile.czi,2,1,164,old colon
G121eO3_2 tile.czi,3,1,93,old colon
G121eO3_3 tile.czi,1,1,386,old colon
G121eI B2-1 stitch.czi,3,1,231,old caecum
G121eI B2-3 stitch.czi,4,1,19,old caecum
G121eI1_4 tile 241014 A cryosection.czi,6,1,1815,old caecum
G103bO2_2 tile.czi,1,1,95,young colon
G103bO2_1 tile.czi,3,1,0,young colon
G103bO2 tile.czi,2,1,69,young colon
G103bI3_1 tile.czi,2,1,423,young caecum
G103bI3_2 tiles.czi,3,1,1229,young caecum
G103bI3_3 tiles.czi,1,1,1931,young caecum
G121eI B2-1 stitch.czi,3,79.42,586,old caecum
G121eI1_4 tile 241014 A cryosection.czi,6,80.02,1776,old caecum
G103bO2_1 tile.czi,3,80.02,0,young colon
G121eD3_1 tile.czi,2,80.22,0,old ileum
G103bO2_2 tile.czi,1,80.62,40,young colon
G121eI B2-3 stitch.czi,4,80.8,99,old caecum
G103bO2 tile.czi,2,81.2,32,young colon
G121eO3_3 tile.czi,1,81.4,436,old colon
G103bI3_2 tiles.czi,3,81.61,675,young caecum
G103bI3_1 tile.czi,2,82.19,668,young caecum
G103bI3_3 tiles.czi,1,82.19,1499,young caecum
G121eD3_2 tile.czi - Scene #2,3,82.2,228,old ileum
G121eD3_3 tile.czi,1,82.2,0,old ileum
G121eO3_1 tile.czi,2,82.2,561,old colon
G121eO3_2 tile.czi,3,82.6,114,old colon
G121eD3_1 tile.czi,2,158.26,0,old ileum
G121eI B2-1 stitch.czi,3,158.85,689,old caecum
G121eI1_4 tile 241014 A cryosection.czi,6,160.04,2458,old caecum
G103bO2_1 tile.czi,3,160.04,0,young colon
G103bO2_2 tile.czi,1,160.84,65,young colon
G103bO2 tile.czi,2,161.2,15,young colon
G103bI3_3 tiles.czi,1,162.22,758,young caecum
G103bI3_2 tiles.czi,3,162.62,552,young caecum
G121eI B2-3 stitch.czi,4,162.8,98,old caecum
G121eO3_2 tile.czi,3,163,140,old colon
G103bI3_1 tile.czi,2,163.21,940,young caecum
G121eO3_3 tile.czi,1,164,108,old colon
G121eD3_2 tile.czi - Scene #2,3,164.6,150,old ileum
G121eD3_3 tile.czi,1,164.6,1,old ileum
G121eO3_1 tile.czi,2,164.6,658,old colon
G121eI B2-1 stitch.czi,3,235.9,404,old caecum
G121eD3_1 tile.czi,2,238.48,37,old ileum
G103bO2_1 tile.czi,3,240.26,0,young colon
G103bO2_2 tile.czi,1,240.86,50,young colon
G121eI1_4 tile 241014 A cryosection.czi,6,241.05,2360,old caecum
G103bO2 tile.czi,2,242,47,young colon
G103bI3_1 tile.czi,2,242.63,947,young caecum
G103bI3_2 tiles.czi,3,243.04,506,young caecum
G103bI3_3 tiles.czi,1,243.23,1338,young caecum
G121eO3_2 tile.czi,3,243.8,285,old colon
G121eI B2-3 stitch.czi,4,244.2,153,old caecum
G121eO3_3 tile.czi,1,244.4,323,old colon
G121eD3_2 tile.czi - Scene #2,3,247,229,old ileum
G121eD3_3 tile.czi,1,247,1,old ileum
G121eO3_1 tile.czi,2,247,1120,old colon
G121eI B2-1 stitch.czi,3,314.14,656,old caecum
G121eD3_1 tile.czi,2,317.9,1,old ileum
G103bO2_1 tile.czi,3,320.87,0,young colon
G103bO2_2 tile.czi,1,320.88,50,young colon
G121eI1_4 tile 241014 A cryosection.czi,6,322.07,2438,old caecum
G103bO2 tile.czi,2,322.1,16,young colon
G121eO3_2 tile.czi,3,323.9,244,old colon
G121eO3_3 tile.czi,1,325.2,847,old colon
G103bI3_3 tiles.czi,1,325.63,1210,young caecum
G103bI3_1 tile.czi,2,326.02,864,young caecum
G103bI3_2 tiles.czi,3,326.23,1656,young caecum
G121eI B2-3 stitch.czi,4,326.8,200,old caecum
G121eD3_2 tile.czi - Scene #2,3,327.02,147,old ileum
G121eD3_3 tile.czi,1,327.02,1,old ileum
G121eO3_1 tile.czi,2,327.02,919,old colon
G121eI B2-1 stitch.czi,3,394.75,1181,old caecum
G121eD3_1 tile.czi,2,400.1,2,old ileum
G103bO2_1 tile.czi,3,401.09,0,young colon
G103bO2_2 tile.czi,1,401.1,58,young colon
G103bO2 tile.czi,2,402.1,6,young colon
G121eO3_2 tile.czi,3,403.3,373,old colon
G121eI1_4 tile 241014 A cryosection.czi,6,403.67,2369,old caecum
G121eO3_3 tile.czi,1,405.3,1026,old colon
G103bI3_1 tile.czi,2,407.03,936,young caecum
G121eD3_2 tile.czi - Scene #2,3,407.2,321,old ileum
G121eD3_3 tile.czi,1,407.2,0,old ileum
G121eO3_1 tile.czi,2,407.2,737,old colon
G121eI B2-3 stitch.czi,4,407.2,74,old caecum
G103bI3_3 tiles.czi,1,407.23,1891,young caecum
G103bI3_2 tiles.czi,3,408.42,1397,young caecum
G121eI B2-1 stitch.czi,3,479.13,798,old caecum
G103bO2_1 tile.czi,3,481.31,0,young colon
G103bO2_2 tile.czi,1,481.71,70,young colon
G121eD3_1 tile.czi,2,482.3,0,old ileum
G103bO2 tile.czi,2,482.5,47,young colon
G121eO3_2 tile.czi,3,483.7,139,old colon
G121eI1_4 tile 241014 A cryosection.czi,6,483.89,2525,old caecum
G121eO3_3 tile.czi,1,484.7,880,old colon
G103bI3_3 tiles.czi,1,487.45,2823,young caecum
G121eI B2-3 stitch.czi,4,488,37,old caecum
G103bI3_1 tile.czi,2,488.04,897,young caecum
G103bI3_2 tiles.czi,3,488.45,487,young caecum
G121eD3_2 tile.czi - Scene #2,3,488.6,226,old ileum
G121eD3_3 tile.czi,1,488.6,2,old ileum
G121eO3_1 tile.czi,2,488.6,947,old colon
G121eI B2-1 stitch.czi,3,557.17,1019,old caecum
G103bO2 tile.czi,2,562.1,66,young colon
G103bO2_2 tile.czi,1,563.09,47,young colon
G121eO3_2 tile.czi,3,564.5,337,old colon
G121eD3_1 tile.czi,2,564.7,0,old ileum
G121eI1_4 tile 241014 A cryosection.czi,6,565.05,1573,old caecum
G121eO3_3 tile.czi,1,565.1,377,old colon
G103bI3_1 tile.czi,2,567.47,1388,young caecum
G121eI B2-3 stitch.czi,4,568.1,174,old caecum
G103bI3_3 tiles.czi,1,568.61,3051,young caecum
G121eD3_2 tile.czi - Scene #2,3,569.1,18,old ileum
G121eD3_3 tile.czi,1,569.1,0,old ileum
G121eO3_1 tile.czi,2,569.1,351,old colon
G103bI3_2 tiles.czi,3,569.46,492,young caecum
G121eI B2-1 stitch.czi,3,637.79,1211,old caecum
G103bO2 tile.czi,2,641.8,15,young colon
G121eI1_4 tile 241014 A cryosection.czi,6,643.35,1220,old caecum
G103bO2_2 tile.czi,1,643.69,25,young colon
G121eO3_3 tile.czi,1,645.9,763,old colon
G103bI3_3 tiles.czi,1,646.91,3188,young caecum
G121eD3_1 tile.czi,2,647.1,0,old ileum
G121eI B2-3 stitch.czi,4,647.5,403,old caecum
G103bI3_1 tile.czi,2,647.69,1311,young caecum
G121eO3_2 tile.czi,3,649.1,386,old colon
G121eD3_2 tile.czi - Scene #2,3,649.3,0,old ileum
G121eD3_3 tile.czi,1,649.3,0,old ileum
G121eO3_1 tile.czi,2,649.3,932,old colon
G103bI3_2 tiles.czi,3,651.86,1085,young caecum
G121eI B2-1 stitch.czi,3,721.18,593,old caecum
G103bO2 tile.czi,2,722.6,39,young colon
G103bO2_2 tile.czi,1,724.19,50,young colon
G121eI1_4 tile 241014 A cryosection.czi,6,726.15,2061,old caecum
G121eD3_1 tile.czi,2,727.12,13,old ileum
G121eI B2-3 stitch.czi,4,727.9,543,old caecum
G103bI3_1 tile.czi,2,727.9,1518,young caecum
G121eD3_2 tile.czi - Scene #2,3,729.3,0,old ileum
G121eD3_3 tile.czi,1,729.3,0,old ileum
G121eO3_1 tile.czi,2,729.3,569,old colon
G121eO3_2 tile.czi,3,729.7,420,old colon
G103bI3_3 tiles.czi,1,729.71,3116,young caecum
G121eO3_3 tile.czi,1,730.5,619,old colon
G103bI3_2 tiles.czi,3,733.46,1725,young caecum
G103bO2 tile.czi,2,803,23,young colon
G103bO2_2 tile.czi,1,804.99,10,young colon
G121eI B2-1 stitch.czi,3,805.95,649,old caecum
G121eI1_4 tile 241014 A cryosection.czi,6,807.15,2124,old caecum
G121eD3_1 tile.czi,2,807.3,75,old ileum
G121eI B2-3 stitch.czi,4,808.7,537,old caecum
G103bI3_1 tile.czi,2,808.9,1336,young caecum
G121eD3_2 tile.czi - Scene #2,3,810.7,0,old ileum
G121eD3_3 tile.czi,1,810.7,0,old ileum
G121eO3_1 tile.czi,2,810.7,534,old colon
G103bI3_3 tiles.czi,1,810.71,3188,young caecum
G121eO3_2 tile.czi,3,811.1,440,old colon
G121eO3_3 tile.czi,1,811.1,448,old colon
G103bI3_2 tiles.czi,3,813.68,895,young caecum
G103bO2 tile.czi,2,883,16,young colon
G103bO2_2 tile.czi,1,885.19,12,young colon
G121eI B2-1 stitch.czi,3,885.38,380,old caecum
G121eI1_4 tile 241014 A cryosection.czi,6,886.95,1696,old caecum
G121eD3_1 tile.czi,2,888.7,54,old ileum
G103bI3_1 tile.czi,2,889.1,1195,young caecum
G103bI3_3 tiles.czi,1,890.51,2986,young caecum
G121eO3_3 tile.czi,1,892.5,616,old colon
G121eD3_2 tile.czi - Scene #2,3,893.3,29,old ileum
G121eD3_3 tile.czi,1,893.3,50,old ileum
G121eO3_1 tile.czi,2,893.3,1066,old colon
G121eO3_2 tile.czi,3,893.3,1096,old colon
G121eI B2-3 stitch.czi,4,893.3,566,old caecum
G103bI3_2 tiles.czi,3,894.84,522,young caecum
G103bO2 tile.czi,2,963.4,23,young colon
G103bO2_2 tile.czi,1,964.79,34,young colon
G121eI B2-1 stitch.czi,3,967.42,894,old caecum
G121eI1_4 tile 241014 A cryosection.czi,6,968.35,265,old caecum
G121eD3_1 tile.czi,2,969.2,69,old ileum
G103bI3_1 tile.czi,2,970.2,996,young caecum
G103bI3_3 tiles.czi,1,971.91,2364,young caecum
G103bI3_2 tiles.czi,3,973.14,678,young caecum
G121eD3_2 tile.czi - Scene #2,3,973.7,122,old ileum
G121eD3_3 tile.czi,1,973.7,65,old ileum
G121eO3_1 tile.czi,2,973.7,484,old colon
G121eI B2-3 stitch.czi,4,973.9,558,old caecum
G121eO3_3 tile.czi,1,974.7,629,old colon
G121eO3_2 tile.czi,3,977.1,1215,old colon
G103bO2 tile.czi,2,1043.4,24,young colon
G103bO2_2 tile.czi,1,1044.39,59,young colon
G121eI1_4 tile 241014 A cryosection.czi,6,1047.65,349,old caecum
G121eD3_1 tile.czi,2,1049.4,24,old ileum
G121eI B2-1 stitch.czi,3,1049.42,1306,old caecum
G103bI3_1 tile.czi,2,1051.2,1547,young caecum
G103bI3_3 tiles.czi,1,1051.21,1816,young caecum
G121eD3_2 tile.czi - Scene #2,3,1054.5,268,old ileum
G121eD3_3 tile.czi,1,1054.5,12,old ileum
G121eO3_1 tile.czi,2,1054.5,946,old colon
G121eI B2-3 stitch.czi,4,1055.3,624,old caecum
G121eO3_3 tile.czi,1,1055.7,310,old colon
G103bI3_2 tiles.czi,3,1055.94,405,young caecum
G121eO3_2 tile.czi,3,1056.1,830,old colon
G103bO2 tile.czi,2,1124.3,4,young colon
G103bO2_2 tile.czi,1,1125.09,30,young colon
G121eI1_4 tile 241014 A cryosection.czi,6,1128.65,1064,old caecum
G121eI B2-1 stitch.czi,3,1128.82,1175,old caecum
G121eD3_1 tile.czi,2,1129.4,93,old ileum
G103bI3_1 tile.czi,2,1130.6,1083,young caecum
G103bI3_3 tiles.czi,1,1132.21,1892,young caecum
G121eD3_2 tile.czi - Scene #2,3,1134.6,280,old ileum
G121eD3_3 tile.czi,1,1134.6,0,old ileum
G121eO3_1 tile.czi,2,1134.6,1095,old colon
G121eO3_2 tile.czi,3,1135.2,535,old colon
G103bI3_2 tiles.czi,3,1136.94,381,young caecum
G121eO3_3 tile.czi,1,1137.5,293,old colon
G121eI B2-3 stitch.czi,4,1137.5,585,old caecum
G103bO2_2 tile.czi,1,1204.69,41,young colon
G103bO2 tile.czi,2,1204.7,11,young colon
G121eI1_4 tile 241014 A cryosection.czi,6,1208.85,425,old caecum
G121eI B2-1 stitch.czi,3,1209.62,955,old caecum
G121eD3_1 tile.czi,2,1210.8,0,old ileum
G103bI3_3 tiles.czi,1,1212.41,2219,young caecum
G103bI3_1 tile.czi,2,1213.2,1232,young caecum
G121eD3_2 tile.czi - Scene #2,3,1214,129,old ileum
G121eD3_3 tile.czi,1,1214,0,old ileum
G121eO3_1 tile.czi,2,1214,1296,old colon
G121eO3_3 tile.czi,1,1216.6,579,old colon
G103bI3_2 tiles.czi,3,1216.74,279,young caecum
G121eO3_2 tile.czi,3,1217.4,1213,old colon
G121eI B2-3 stitch.czi,4,1218.5,510,old caecum
G103bO2_2 tile.czi,1,1284.89,24,young colon
G103bO2 tile.czi,2,1285.9,37,young colon
G121eI1_4 tile 241014 A cryosection.czi,6,1290.05,1439,old caecum
G121eI B2-1 stitch.czi,3,1291.62,1111,old caecum
G121eD3_1 tile.czi,2,1293.4,0,old ileum
G103bI3_1 tile.czi,2,1293.4,1085,young caecum
G103bI3_3 tiles.czi,1,1293.61,2125,young caecum
G121eD3_2 tile.czi - Scene #2,3,1294.4,2,old ileum
G121eD3_3 tile.czi,1,1294.4,0,old ileum
G121eO3_1 tile.czi,2,1294.4,773,old colon
G121eO3_2 tile.czi,3,1298,592,old colon
G103bI3_2 tiles.czi,3,1298.14,261,young caecum
G121eO3_3 tile.czi,1,1298.8,1166,old colon
G121eI B2-3 stitch.czi,4,1300.3,397,old caecum
G103bO2_2 tile.czi,1,1365.49,17,young colon
G103bO2 tile.czi,2,1367.1,46,young colon
G121eI1_4 tile 241014 A cryosection.czi,6,1371.05,1216,old caecum
G121eI B2-1 stitch.czi,3,1373.02,1125,old caecum
G121eD3_1 tile.czi,2,1373.8,0,old ileum
G103bI3_1 tile.czi,2,1374.4,1012,young caecum
G103bI3_3 tiles.czi,1,1374.61,1910,young caecum
G121eD3_2 tile.czi - Scene #2,3,1375.2,69,old ileum
G121eD3_3 tile.czi,1,1375.2,0,old ileum
G121eO3_1 tile.czi,2,1375.2,608,old colon
G103bI3_2 tiles.czi,3,1377.44,544,young caecum
G121eO3_2 tile.czi,3,1378.6,622,old colon
G121eO3_3 tile.czi,1,1379.4,1281,old colon
G121eI B2-3 stitch.czi,4,1379.4,220,old caecum
G103bO2_2 tile.czi,1,1446.49,22,young colon
G103bO2 tile.czi,2,1446.7,26,young colon
G121eI1_4 tile 241014 A cryosection.czi,6,1452.05,262,old caecum
G121eD3_1 tile.czi,2,1454.6,0,old ileum
G103bI3_3 tiles.czi,1,1455.61,1793,young caecum
G121eI B2-1 stitch.czi,3,1455.62,448,old caecum
G103bI3_1 tile.czi,2,1457,1254,young caecum
G103bI3_2 tiles.czi,3,1458.44,567,young caecum
G121eO3_2 tile.czi,3,1458.8,0,old colon
G121eD3_2 tile.czi - Scene #2,3,1459.8,1,old ileum
G121eD3_3 tile.czi,1,1459.8,0,old ileum
G121eO3_1 tile.czi,2,1459.8,387,old colon
G121eO3_3 tile.czi,1,1460,1232,old colon
G121eI B2-3 stitch.czi,4,1461.6,231,old caecum
G103bO2_2 tile.czi,1,1526.69,20,young colon
G103bO2 tile.czi,2,1527.1,41,young colon
G121eI1_4 tile 241014 A cryosection.czi,6,1533.05,82,old caecum
G121eD3_1 tile.czi,2,1534.7,2,old ileum
G121eI B2-1 stitch.czi,3,1536.02,660,old caecum
G103bI3_3 tiles.czi,1,1536.61,1948,young caecum
G103bI3_1 tile.czi,2,1537.2,1405,young caecum
G103bI3_2 tiles.czi,3,1538.64,687,young caecum
G121eO3_2 tile.czi,3,1539.6,207,old colon
G121eO3_3 tile.czi,1,1540.2,1181,old colon
G121eD3_2 tile.czi - Scene #2,3,1540.4,1,old ileum
G121eD3_3 tile.czi,1,1540.4,0,old ileum
G121eO3_1 tile.czi,2,1540.4,348,old colon
G121eI B2-3 stitch.czi,4,1542.2,165,old caecum
G103bO2_2 tile.czi,1,1606.79,3,young colon
G121eD3_1 tile.czi,2,1614.1,0,old ileum
G121eI1_4 tile 241014 A cryosection.czi,6,1614.65,238,old caecum
G121eI B2-1 stitch.czi,3,1616.82,766,old caecum
G103bI3_1 tile.czi,2,1618.2,1393,young caecum
G103bI3_3 tiles.czi,1,1618.21,1639,young caecum
G121eO3_2 tile.czi,3,1619.2,512,old colon
G103bI3_2 tiles.czi,3,1619.84,1246,young caecum
G121eO3_3 tile.czi,1,1621,1253,old colon
G121eD3_2 tile.czi - Scene #2,3,1621.8,0,old ileum
G121eD3_3 tile.czi,1,1621.8,0,old ileum
G121eO3_1 tile.czi,2,1621.8,430,old colon
G121eI B2-3 stitch.czi,4,1622.8,628,old caecum
G103bO2_2 tile.czi,1,1687.39,8,young colon
G121eD3_1 tile.czi,2,1694.5,0,old ileum
G121eI1_4 tile 241014 A cryosection.czi,6,1696.05,739,old caecum
G121eI B2-1 stitch.czi,3,1696.92,373,old caecum
G103bI3_1 tile.czi,2,1699.3,1383,young caecum
G103bI3_3 tiles.czi,1,1699.61,2172,young caecum
G121eO3_3 tile.czi,1,1700.6,834,old colon
G103bI3_2 tiles.czi,3,1700.84,1917,young caecum
G121eO3_2 tile.czi,3,1701.2,393,old colon
G121eI B2-3 stitch.czi,4,1703,620,old caecum
G121eD3_2 tile.czi - Scene #2,3,1704,0,old ileum
G121eD3_3 tile.czi,1,1704,0,old ileum
G121eO3_1 tile.czi,2,1704,183,old colon
G103bO2_2 tile.czi,1,1766.99,33,young colon
G121eD3_1 tile.czi,2,1775.3,0,old ileum
G121eI1_4 tile 241014 A cryosection.czi,6,1775.35,997,old caecum
G121eI B2-1 stitch.czi,3,1776.32,225,old caecum
G103bI3_3 tiles.czi,1,1778.91,1878,young caecum
G103bI3_1 tile.czi,2,1780.3,1590,young caecum
G103bI3_2 tiles.czi,3,1781.84,1469,young caecum
G121eO3_3 tile.czi,1,1782.6,923,old colon
G121eO3_2 tile.czi,3,1783.2,158,old colon
G121eI B2-3 stitch.czi,4,1783.8,722,old caecum
G121eD3_2 tile.czi - Scene #2,3,1787.8,0,old ileum
G121eD3_3 tile.czi,1,1787.8,0,old ileum
G121eO3_1 tile.czi,2,1787.8,492,old colon
G103bO2_2 tile.czi,1,1846.59,42,young colon
G121eI1_4 tile 241014 A cryosection.czi,6,1855.95,1816,old caecum
G121eI B2-1 stitch.czi,3,1856.72,106,old caecum
G103bI3_3 tiles.czi,1,1859.51,1891,young caecum
G121eD3_1 tile.czi,2,1859.9,2,old ileum
G103bI3_1 tile.czi,2,1861.3,1629,young caecum
G103bI3_2 tiles.czi,3,1862.84,500,young caecum
G121eI B2-3 stitch.czi,4,1863.4,679,old caecum
G121eO3_3 tile.czi,1,1864.6,765,old colon
G121eD3_2 tile.czi - Scene #2,3,1866.8,0,old ileum
G121eD3_3 tile.czi,1,1866.8,0,old ileum
G121eO3_1 tile.czi,2,1866.8,435,old colon
G121eO3_2 tile.czi,3,1867.6,240,old colon
G103bO2_2 tile.czi,1,1926.89,29,young colon
G121eI1_4 tile 241014 A cryosection.czi,6,1936.35,2118,old caecum
G121eI B2-1 stitch.czi,3,1937.52,220,old caecum
G103bI3_3 tiles.czi,1,1939.91,1641,young caecum
G121eD3_1 tile.czi,2,1940.5,0,old ileum
G103bI3_1 tile.czi,2,1943.1,1999,young caecum
G103bI3_2 tiles.czi,3,1944.44,180,young caecum
G121eI B2-3 stitch.czi,4,1945.4,276,old caecum
G121eD3_2 tile.czi - Scene #2,3,1945.9,2,old ileum
G121eD3_3 tile.czi,1,1945.9,0,old ileum
G121eO3_1 tile.czi,2,1945.9,690,old colon
G121eO3_2 tile.czi,3,1948.2,194,old colon
G121eO3_3 tile.czi,1,1949,1002,old colon
G103bO2_2 tile.czi,1,2007.49,69,young colon
G121eI1_4 tile 241014 A cryosection.czi,6,2017.35,2603,old caecum
G103bI3_3 tiles.czi,1,2020.91,2004,young caecum
G121eD3_1 tile.czi,2,2021.9,1,old ileum
G121eI B2-1 stitch.czi,3,2022.12,571,old caecum
G103bI3_1 tile.czi,2,2024.1,2173,young caecum
G103bI3_2 tiles.czi,3,2025.84,853,young caecum
G121eI B2-3 stitch.czi,4,2027.4,601,old caecum
G121eO3_2 tile.czi,3,2027.7,296,old colon
G121eD3_2 tile.czi - Scene #2,3,2028.1,22,old ileum
G121eD3_3 tile.czi,1,2028.1,0,old ileum
G121eO3_1 tile.czi,2,2028.1,44,old colon
G121eO3_3 tile.czi,1,2029.6,974,old colon
G121eI1_4 tile 241014 A cryosection.czi,6,2099.15,1512,old caecum
G103bI3_3 tiles.czi,1,2102.71,2081,young caecum
G121eI B2-1 stitch.czi,3,2102.72,482,old caecum
G121eD3_1 tile.czi,2,2104.1,0,old ileum
G103bI3_1 tile.czi,2,2104.3,2407,young caecum
G103bI3_2 tiles.czi,3,2105.14,437,young caecum
G121eO3_2 tile.czi,3,2108.3,189,old colon
G121eD3_2 tile.czi - Scene #2,3,2108.7,10,old ileum
G121eD3_3 tile.czi,1,2108.7,0,old ileum
G121eO3_1 tile.czi,2,2108.7,171,old colon
G121eO3_3 tile.czi,1,2109.1,1095,old colon
G121eI B2-3 stitch.czi,4,2111.8,277,old caecum
G121eI1_4 tile 241014 A cryosection.czi,6,2179.55,2232,old caecum
G103bI3_3 tiles.czi,1,2183.11,2408,young caecum
G121eI B2-1 stitch.czi,3,2184.12,855,old caecum
G103bI3_1 tile.czi,2,2184.5,2552,young caecum
G103bI3_2 tiles.czi,3,2185.74,531,young caecum
G121eD3_1 tile.czi,2,2187.9,0,old ileum
G121eO3_2 tile.czi,3,2188.9,181,old colon
G121eD3_2 tile.czi - Scene #2,3,2189.3,29,old ileum
G121eD3_3 tile.czi,1,2189.3,0,old ileum
G121eO3_1 tile.czi,2,2189.3,496,old colon
G121eO3_3 tile.czi,1,2189.7,1310,old colon
G121eI B2-3 stitch.czi,4,2192.4,548,old caecum
G121eI1_4 tile 241014 A cryosection.czi,6,2258.65,2100,old caecum
G103bI3_3 tiles.czi,1,2262.21,1770,young caecum
G103bI3_1 tile.czi,2,2264.7,2675,young caecum
G103bI3_2 tiles.czi,3,2266.14,917,young caecum
G121eI B2-1 stitch.czi,3,2266.32,1133,old caecum
G121eD3_1 tile.czi,2,2266.9,0,old ileum
G121eO3_2 tile.czi,3,2266.9,150,old colon
G121eD3_2 tile.czi - Scene #2,3,2269.5,0,old ileum
G121eD3_3 tile.czi,1,2269.5,0,old ileum
G121eO3_1 tile.czi,2,2269.5,231,old colon
G121eO3_3 tile.czi,1,2270.3,1074,old colon
G121eI B2-3 stitch.czi,4,2271.9,548,old caecum
G121eI1_4 tile 241014 A cryosection.czi,6,2339.25,2298,old caecum
G103bI3_3 tiles.czi,1,2342.81,517,young caecum
G103bI3_1 tile.czi,2,2344.2,2276,young caecum
G121eD3_1 tile.czi,2,2346,10,old ileum
G103bI3_2 tiles.czi,3,2347.14,239,young caecum
G121eI B2-1 stitch.czi,3,2347.32,1076,old caecum
G121eO3_3 tile.czi,1,2348.3,1007,old colon
G121eO3_2 tile.czi,3,2348.7,25,old colon
G121eD3_2 tile.czi - Scene #2,3,2350.3,0,old ileum
G121eD3_3 tile.czi,1,2350.3,0,old ileum
G121eO3_1 tile.czi,2,2350.3,1233,old colon
G121eI B2-3 stitch.czi,4,2352.5,440,old caecum
G121eI1_4 tile 241014 A cryosection.czi,6,2419.65,2280,old caecum
G103bI3_1 tile.czi,2,2423.6,2253,young caecum
G121eD3_1 tile.czi,2,2427.2,304,old ileum
G121eI B2-1 stitch.czi,3,2429.12,1113,old caecum
G121eD3_2 tile.czi - Scene #2,3,2429.9,22,old ileum
G121eD3_3 tile.czi,1,2429.9,0,old ileum
G121eO3_1 tile.czi,2,2429.9,812,old colon
G121eO3_3 tile.czi,1,2430.1,905,old colon
G121eO3_2 tile.czi,3,2431.9,166,old colon
G121eI B2-3 stitch.czi,4,2433.1,557,old caecum
G121eI1_4 tile 241014 A cryosection.czi,6,2500.65,1407,old caecum
G103bI3_1 tile.czi,2,2503.8,2818,young caecum
G121eI B2-1 stitch.czi,3,2508.22,1055,old caecum
G121eD3_1 tile.czi,2,2508.8,264,old ileum
G121eI B2-3 stitch.czi,4,2511.1,502,old caecum
G121eD3_2 tile.czi - Scene #2,3,2511.9,0,old ileum
G121eD3_3 tile.czi,1,2511.9,0,old ileum
G121eO3_1 tile.czi,2,2511.9,840,old colon
G121eO3_3 tile.czi,1,2513.3,1193,old colon
G121eO3_2 tile.czi,3,2513.9,201,old colon
G121eI1_4 tile 241014 A cryosection.czi,6,2581.05,933,old caecum
G103bI3_1 tile.czi,2,2582.5,2908,young caecum
G121eD3_1 tile.czi,2,2589.4,68,old ileum
G121eI B2-1 stitch.czi,3,2590.42,900,old caecum
G121eI B2-3 stitch.czi,4,2592.9,647,old caecum
G121eO3_2 tile.czi,3,2593.2,53,old colon
G121eD3_2 tile.czi - Scene #2,3,2593.9,0,old ileum
G121eD3_3 tile.czi,1,2593.9,0,old ileum
G121eO3_1 tile.czi,2,2593.9,632,old colon
G121eO3_3 tile.czi,1,2595.3,373,old colon
G121eI1_4 tile 241014 A cryosection.czi,6,2662.65,1593,old caecum
G103bI3_1 tile.czi,2,2664.3,2799,young caecum
G121eI B2-1 stitch.czi,3,2671.02,210,old caecum
G121eO3_2 tile.czi,3,2671.6,160,old colon
G121eO3_3 tile.czi,1,2674.6,353,old colon
G121eI B2-3 stitch.czi,4,2676.1,615,old caecum
G121eD3_2 tile.czi - Scene #2,3,2678.3,0,old ileum
G121eD3_3 tile.czi,1,2678.3,0,old ileum
G121eO3_1 tile.czi,2,2678.3,560,old colon
G121eI1_4 tile 241014 A cryosection.czi,6,2743.05,1898,old caecum
G103bI3_1 tile.czi,2,2746.9,2899,young caecum
G121eO3_2 tile.czi,3,2751.4,29,old colon
G121eI B2-1 stitch.czi,3,2751.62,541,old caecum
G121eO3_3 tile.czi,1,2753,688,old colon
G121eI B2-3 stitch.czi,4,2758.1,605,old caecum
G121eD3_2 tile.czi - Scene #2,3,2758.9,0,old ileum
G121eD3_3 tile.czi,1,2758.9,0,old ileum
G121eO3_1 tile.czi,2,2758.9,58,old colon
G121eI1_4 tile 241014 A cryosection.czi,6,2825.25,654,old caecum
G103bI3_1 tile.czi,2,2827.1,2284,young caecum
G121eO3_2 tile.czi,3,2830.7,117,old colon
G121eI B2-1 stitch.czi,3,2831.82,1034,old caecum
G121eO3_3 tile.czi,1,2832.8,873,old colon
G121eI B2-3 stitch.czi,4,2837.4,630,old caecum
G121eD3_2 tile.czi - Scene #2,3,2838.4,0,old ileum
G121eD3_3 tile.czi,1,2838.4,0,old ileum
G121eO3_1 tile.czi,2,2838.4,759,old colon
G121eI1_4 tile 241014 A cryosection.czi,6,2907.85,2050,old caecum
G121eO3_2 tile.czi,3,2911.3,761,old colon
G121eO3_3 tile.czi,1,2912.1,1224,old colon
G121eI B2-1 stitch.czi,3,2912.62,969,old caecum
G121eI B2-3 stitch.czi,4,2915.8,697,old caecum
G121eD3_2 tile.czi - Scene #2,3,2919,0,old ileum
G121eD3_3 tile.czi,1,2919,0,old ileum
G121eO3_1 tile.czi,2,2919,1166,old colon
G121eI1_4 tile 241014 A cryosection.czi,6,2988.15,1636,old caecum
G121eO3_2 tile.czi,3,2991.9,779,old colon
G121eI B2-1 stitch.czi,3,2992.22,763,old caecum
G121eO3_3 tile.czi,1,2992.7,889,old colon
G121eI B2-3 stitch.czi,4,2995.6,711,old caecum
G121eD3_2 tile.czi - Scene #2,3,2999.6,0,old ileum
G121eD3_3 tile.czi,1,2999.6,2,old ileum
G121eO3_1 tile.czi,2,2999.6,414,old colon
G121eI1_4 tile 241014 A cryosection.czi,6,3067.15,983,old caecum
G121eO3_3 tile.czi,1,3073.3,854,old colon
G121eO3_2 tile.czi,3,3073.7,857,old colon
G121eI B2-1 stitch.czi,3,3074.22,863,old caecum
G121eI B2-3 stitch.czi,4,3074.9,236,old caecum
G121eD3_2 tile.czi - Scene #2,3,3077.6,1,old ileum
G121eD3_3 tile.czi,1,3077.6,0,old ileum
G121eO3_1 tile.czi,2,3077.6,518,old colon
G121eI1_4 tile 241014 A cryosection.czi,6,3146.15,944,old caecum
G121eO3_3 tile.czi,1,3155.1,913,old colon
G121eO3_2 tile.czi,3,3155.5,486,old colon
G121eI B2-3 stitch.czi,4,3155.5,494,old caecum
G121eI B2-1 stitch.czi,3,3156.22,1191,old caecum
G121eD3_2 tile.czi - Scene #2,3,3159.4,0,old ileum
G121eO3_1 tile.czi,2,3159.4,205,old colon
G121eD3_3 tile.czi,1,3160.2,1,old ileum
G121eO3_2 tile.czi,3,3235.5,298,old colon
G121eI B2-3 stitch.czi,4,3236.1,444,old caecum
G121eO3_3 tile.czi,1,3236.9,430,old colon
G121eI B2-1 stitch.czi,3,3240.62,1104,old caecum
G121eD3_2 tile.czi - Scene #2,3,3242.6,9,old ileum
G121eD3_3 tile.czi,1,3242.6,0,old ileum
G121eO3_1 tile.czi,2,3242.6,248,old colon
G121eO3_2 tile.czi,3,3316.7,385,old colon
G121eO3_3 tile.czi,1,3316.9,388,old colon
G121eI B2-3 stitch.czi,4,3317.9,33,old caecum
G121eI B2-1 stitch.czi,3,3321.22,278,old caecum
G121eD3_2 tile.czi - Scene #2,3,3324.6,4,old ileum
G121eD3_3 tile.czi,1,3324.6,0,old ileum
G121eO3_1 tile.czi,2,3324.6,364,old colon
G121eO3_2 tile.czi,3,3396.1,719,old colon
G121eO3_3 tile.czi,1,3398.1,383,old colon
G121eI B2-3 stitch.czi,4,3399.7,59,old caecum
G121eI B2-1 stitch.czi,3,3400.72,628,old caecum
G121eD3_2 tile.czi - Scene #2,3,3403.9,2,old ileum
G121eD3_3 tile.czi,1,3403.9,0,old ileum
G121eO3_1 tile.czi,2,3403.9,124,old colon
G121eO3_2 tile.czi,3,3476.2,542,old colon
G121eO3_3 tile.czi,1,3477.5,953,old colon
G121eI B2-3 stitch.czi,4,3479.7,170,old caecum
G121eI B2-1 stitch.czi,3,3481.32,291,old caecum
G121eD3_2 tile.czi - Scene #2,3,3482.3,0,old ileum
G121eD3_3 tile.czi,1,3482.3,0,old ileum
G121eO3_1 tile.czi,2,3482.3,872,old colon
G121eO3_2 tile.czi,3,3555.2,997,old colon
G121eO3_3 tile.czi,1,3557.6,276,old colon
G121eI B2-3 stitch.czi,4,3560.9,472,old caecum
G121eI B2-1 stitch.czi,3,3561.92,994,old caecum
G121eD3_2 tile.czi - Scene #2,3,3562.1,2,old ileum
G121eD3_3 tile.czi,1,3562.1,0,old ileum
G121eO3_1 tile.czi,2,3562.1,824,old colon
G121eO3_2 tile.czi,3,3636.6,983,old colon
G121eI B2-1 stitch.czi,3,3639.92,1075,old caecum
G121eI B2-3 stitch.czi,4,3640.3,514,old caecum
G121eD3_2 tile.czi - Scene #2,3,3641.4,4,old ileum
G121eD3_3 tile.czi,1,3641.4,0,old ileum
G121eO3_1 tile.czi,2,3641.4,1174,old colon
G121eO3_2 tile.czi,3,3716.2,1012,old colon
G121eI B2-3 stitch.czi,4,3720.4,467,old caecum
G121eI B2-1 stitch.czi,3,3721.72,302,old caecum
G121eD3_2 tile.czi - Scene #2,3,3722,9,old ileum
G121eD3_3 tile.czi,1,3722,0,old ileum
G121eO3_1 tile.czi,2,3722,253,old colon
G121eO3_2 tile.czi,3,3795.9,1280,old colon
G121eI B2-3 stitch.czi,4,3798.8,788,old caecum
G121eD3_2 tile.czi - Scene #2,3,3802.6,11,old ileum
G121eD3_3 tile.czi,1,3802.6,1,old ileum
G121eO3_1 tile.czi,2,3802.6,68,old colon
G121eI B2-1 stitch.czi,3,3804.92,681,old caecum
G121eO3_2 tile.czi,3,3874.7,639,old colon
G121eI B2-3 stitch.czi,4,3876.4,486,old caecum
G121eD3_2 tile.czi - Scene #2,3,3884.4,24,old ileum
G121eD3_3 tile.czi,1,3884.4,0,old ileum
G121eO3_1 tile.czi,2,3884.4,134,old colon
G121eI B2-1 stitch.czi,3,3886.92,255,old caecum
G121eO3_2 tile.czi,3,3954.3,392,old colon
G121eI B2-3 stitch.czi,4,3956.7,688,old caecum
G121eD3_2 tile.czi - Scene #2,3,3966.2,7,old ileum
G121eD3_3 tile.czi,1,3966.2,0,old ileum
G121eO3_1 tile.czi,2,3966.2,34,old colon
G121eI B2-1 stitch.czi,3,3966.22,94,old caecum
G121eO3_2 tile.czi,3,4034.7,0,old colon
G121eI B2-3 stitch.czi,4,4035.7,552,old caecum
G121eI B2-1 stitch.czi,3,4044.62,195,old caecum
G121eD3_2 tile.czi - Scene #2,3,4046.2,0,old ileum
G121eD3_3 tile.czi,1,4046.2,0,old ileum
G121eO3_1 tile.czi,2,4046.2,40,old colon
G121eO3_2 tile.czi,3,4113.6,811,old colon
G121eI B2-3 stitch.czi,4,4115.3,427,old caecum
G121eI B2-1 stitch.czi,3,4124.42,154,old caecum
G121eD3_2 tile.czi - Scene #2,3,4127.4,0,old ileum
G121eD3_3 tile.czi,1,4127.4,0,old ileum
G121eO3_1 tile.czi,2,4127.4,140,old colon
G121eO3_2 tile.czi,3,4192.4,1163,old colon
G121eI B2-3 stitch.czi,4,4196.1,216,old caecum
G121eI B2-1 stitch.czi,3,4203.72,48,old caecum
G121eD3_2 tile.czi - Scene #2,3,4206.8,0,old ileum
G121eD3_3 tile.czi,1,4206.8,0,old ileum
G121eO3_1 tile.czi,2,4206.8,1070,old colon
G121eO3_2 tile.czi,3,4272.8,920,old colon
G121eI B2-3 stitch.czi,4,4274,206,old caecum
G121eI B2-1 stitch.czi,3,4284.32,401,old caecum
G121eD3_2 tile.czi - Scene #2,3,4286.9,0,old ileum
G121eD3_3 tile.czi,1,4286.9,0,old ileum
G121eO3_1 tile.czi,2,4286.9,787,old colon
G121eO3_2 tile.czi,3,4353.2,964,old colon
G121eI B2-3 stitch.czi,4,4354.8,384,old caecum
G121eI B2-1 stitch.czi,3,4364.92,669,old caecum
G121eD3_2 tile.czi - Scene #2,3,4365.9,0,old ileum
G121eD3_3 tile.czi,1,4365.9,0,old ileum
G121eO3_1 tile.czi,2,4365.9,530,old colon
G121eO3_2 tile.czi,3,4434.4,1221,old colon
G121eI B2-3 stitch.czi,4,4434.6,347,old caecum
G121eD3_3 tile.czi,1,4446.5,0,old ileum
G121eI B2-1 stitch.czi,3,4446.72,167,old caecum
G121eD3_2 tile.czi - Scene #2,3,4450.1,0,old ileum
G121eI B2-3 stitch.czi,4,4512.5,93,old caecum
G121eO3_2 tile.czi,3,4514.9,1084,old colon
G121eD3_2 tile.czi - Scene #2,3,4525.5,0,old ileum
G121eD3_3 tile.czi,1,4526.5,0,old ileum
G121eI B2-1 stitch.czi,3,4528.52,65,old caecum
G121eI B2-3 stitch.czi,4,4592.3,356,old caecum
G121eO3_2 tile.czi,3,4592.9,115,old colon
G121eD3_2 tile.czi - Scene #2,3,4602.8,0,old ileum
G121eD3_3 tile.czi,1,4607.3,1,old ileum
G121eI B2-1 stitch.czi,3,4608.52,281,old caecum
G121eO3_2 tile.czi,3,4672.5,1020,old colon
G121eI B2-3 stitch.czi,4,4673.1,568,old caecum
G121eD3_2 tile.czi - Scene #2,3,4678.3,7,old ileum
G121eD3_3 tile.czi,1,4687.2,0,old ileum
G121eI B2-1 stitch.czi,3,4689.72,158,old caecum
G121eO3_2 tile.czi,3,4754.5,901,old colon
G121eI B2-3 stitch.czi,4,4756.7,700,old caecum
G121eD3_2 tile.czi - Scene #2,3,4760.7,0,old ileum
G121eD3_3 tile.czi,1,4766.8,0,old ileum
G121eO3_2 tile.czi,3,4834.1,398,old colon
G121eI B2-3 stitch.czi,4,4837.5,684,old caecum
G121eD3_2 tile.czi - Scene #2,3,4842.3,10,old ileum
G121eD3_3 tile.czi,1,4846.4,0,old ileum
G121eO3_2 tile.czi,3,4917.7,988,old colon
G121eI B2-3 stitch.czi,4,4919.1,649,old caecum
G121eD3_2 tile.czi - Scene #2,3,4921.9,0,old ileum
G121eD3_3 tile.czi,1,4925.5,0,old ileum
G121eO3_2 tile.czi,3,4998.9,1057,old colon
G121eI B2-3 stitch.czi,4,5001.7,610,old caecum
G121eD3_2 tile.czi - Scene #2,3,5003.5,2,old ileum
G121eD3_3 tile.czi,1,5006.1,0,old ileum
G121eO3_2 tile.czi,3,5077,1129,old colon
G121eD3_2 tile.czi - Scene #2,3,5082.1,1,old ileum
G121eI B2-3 stitch.czi,4,5082.5,638,old caecum
G121eD3_3 tile.czi,1,5086.3,0,old ileum
G121eO3_2 tile.czi,3,5159,671,old colon
G121eD3_2 tile.czi - Scene #2,3,5162.7,0,old ileum
G121eI B2-3 stitch.czi,4,5165.1,217,old caecum
G121eD3_3 tile.czi,1,5167.5,0,old ileum
G121eO3_2 tile.czi,3,5241,911,old colon
G121eD3_2 tile.czi - Scene #2,3,5243.4,82,old ileum
G121eD3_3 tile.czi,1,5247.1,0,old ileum
G121eO3_2 tile.czi,3,5319.8,954,old colon
G121eD3_2 tile.czi - Scene #2,3,5321,43,old ileum
G121eD3_3 tile.czi,1,5327.1,0,old ileum
G121eO3_2 tile.czi,3,5400.2,985,old colon
G121eD3_2 tile.czi - Scene #2,3,5400.6,54,old ileum
G121eD3_3 tile.czi,1,5407.4,0,old ileum
G121eO3_2 tile.czi,3,5480.7,304,old colon
G121eD3_2 tile.czi - Scene #2,3,5481.2,13,old ileum
G121eD3_3 tile.czi,1,5488.6,0,old ileum
G121eO3_2 tile.czi,3,5562.7,64,old colon
G121eD3_2 tile.czi - Scene #2,3,5562.8,0,old ileum
G121eD3_3 tile.czi,1,5569.2,0,old ileum
G121eO3_2 tile.czi,3,5641.5,25,old colon
G121eD3_2 tile.czi - Scene #2,3,5644.5,20,old ileum
G121eD3_3 tile.czi,1,5649.4,0,old ileum
G121eO3_2 tile.czi,3,5721.9,448,old colon
G121eD3_2 tile.czi - Scene #2,3,5724.1,137,old ileum
G121eO3_2 tile.czi,3,5801.5,317,old colon
G121eD3_2 tile.czi - Scene #2,3,5807.9,52,old ileum
G121eO3_2 tile.czi,3,5881.9,1119,old colon
G121eD3_2 tile.czi - Scene #2,3,5888.5,176,old ileum
G121eO3_2 tile.czi,3,5963.9,320,old colon
G121eD3_2 tile.czi - Scene #2,3,5968.1,62,old ileum
G121eO3_2 tile.czi,3,6045.2,0,old colon
G121eD3_2 tile.czi - Scene #2,3,6047.7,202,old ileum
G121eD3_2 tile.czi - Scene #2,3,6126.4,1,old ileum
G121eO3_2 tile.czi,3,6126.4,0,old colon
G121eD3_2 tile.czi - Scene #2,3,6207,1,old ileum
G121eO3_2 tile.czi,3,6207.6,0,old colon
G121eO3_2 tile.czi,3,6284.6,0,old colon
G121eD3_2 tile.czi - Scene #2,3,6287.6,131,old ileum
G121eO3_2 tile.czi,3,6366.6,0,old colon
G121eO3_2 tile.czi,3,6448.6,25,old colon
G121eO3_2 tile.czi,3,6529.8,1064,old colon
G121eO3_2 tile.czi,3,6611,784,old colon
G121eO3_2 tile.czi,3,6693.8,830,old colon
G121eO3_2 tile.czi,3,6775.8,1032,old colon
G121eO3_2 tile.czi,3,6854.7,690,old colon
G121eO3_2 tile.czi,3,6938.3,435,old colon
G121eO3_2 tile.czi,3,7017.1,353,old colon
G121eO3_2 tile.czi,3,7099.1,677,old colon
G121eO3_2 tile.czi,3,7183.5,494,old colon
G121eO3_2 tile.czi,3,7264.7,764,old colon
G121eO3_2 tile.czi,3,7345.1,647,old colon
G121eO3_2 tile.czi,3,7429.5,98,old colon