microsample,cryosection,type,cov_filtering,Xcoord,Ycoord,pixel_x,pixel_y
M305894,G121eI114B,positive,Retained By Filtering,41078.28,37816.56,465.89,278.83
M305896,G121eI114B,positive,Retained By Filtering,40983.24,38030.23,452.56,308.61
M305897,G121eI114B,positive,Retained By Filtering,40009.85,38015.83,316.04,306.6
M305898,G121eI114B,positive,Retained By Filtering,39782.95,38268.1,284.22,341.76
M305899,G121eI114B,positive,Retained By Filtering,39854.13,38850.81,294.2,422.98
M305900,G121eI114B,positive,Retained By Filtering,39948.87,39242.8,307.49,477.62
M305901,G121eI114B,positive,Retained By Filtering,39749.04,39563.17,279.46,522.27
M305902,G121eI114B,positive,Retained By Filtering,40294.09,40164.16,355.91,606.03
M305903,G121eI114B,positive,Retained By Filtering,40635.63,40209.04,403.81,612.29
M305904,G121eI114B,positive,Retained By Filtering,40013.2,39990.63,316.51,581.85
M305905,G121eI114B,positive,Retained By Filtering,40420.89,39521.76,373.69,516.5
M305906,G121eI114B,positive,Retained By Filtering,40556.62,39171.79,392.73,467.72
M305908,G121eI114B,positive,Retained By Filtering,40705.92,38891.92,413.67,428.71
M305909,G121eI114B,positive,Retained By Filtering,41140.21,38832.85,474.58,420.48
M305910,G121eI114B,positive,Retained By Filtering,40840.85,39505.47,432.59,514.23
M305911,G121eI114B,positive,Retained By Filtering,41302.8,39530.32,497.38,517.69
M305913,G121eI114B,positive,Retained By Filtering,41290.79,39216.15,495.7,473.9
M305914,G121eI114B,positive,Retained By Filtering,41465.96,38957.92,520.27,437.91
M305915,G121eI114B,positive,Retained By Filtering,41702.37,38663.54,553.42,396.88
M305916,G121eI114B,positive,Retained By Filtering,41654.17,38434.07,546.66,364.9
M305917,G121eI114B,positive,Retained By Filtering,41596.52,38145.53,538.58,324.68
M305918,G121eI114B,positive,Excluded By Filtering,42165.1,38529.86,618.32,378.25
M305919,G121eI114B,positive,Retained By Filtering,42355.95,38125.67,645.09,321.91
M305920,G121eI114B,positive,Retained By Filtering,42243.68,37875.91,629.34,287.1
M305922,G121eI114B,positive,Retained By Filtering,41926.07,38062.96,584.8,313.17
M305923,G121eI114B,positive,Retained By Filtering,41855.22,38295.89,574.86,345.64
M305924,G121eI114B,positive,Retained By Filtering,41878.31,39075.59,578.1,454.31
M305925,G121eI114B,positive,Retained By Filtering,41650.82,39220.97,546.19,474.57
M305926,G121eI114B,positive,Retained By Filtering,42860.42,38894.24,715.84,429.03
M305927,G121eI114B,positive,Retained By Filtering,43017.96,39150.24,737.94,464.71
M305928,G121eI114B,positive,Retained By Filtering,42616.78,39144.3,681.67,463.89
M305929,G121eI114B,positive,Retained By Filtering,42284.19,39083.64,635.02,455.43
M305930,G121eI114B,positive,Retained By Filtering,42123.25,39371.12,612.45,495.5
M305932,G121eI114B,positive,Retained By Filtering,42002.46,39634.99,595.51,532.28
M305933,G121eI114B,positive,Retained By Filtering,42171.58,39947.92,619.23,575.89
M305934,G121eI114B,positive,Retained By Filtering,43088.39,39519.72,747.81,516.21
M305935,G121eI114B,positive,Retained By Filtering,42888.68,39337.68,719.8,490.84
M305936,G121eI114B,positive,Retained By Filtering,42612.41,39493.05,681.06,512.5
M305937,G121eI114B,positive,Retained By Filtering,42347.06,39275.04,643.84,482.11
M305938,G121eI114B,positive,Retained By Filtering,42158.96,40241.55,617.46,616.82
M305939,G121eI114B,positive,Retained By Filtering,42184.37,40540.87,621.02,658.54
M305941,G121eI114B,positive,Retained By Filtering,42312.81,40674.18,639.04,677.12
M305990,G121eI114B,positive,Retained By Filtering,42196.28,38806.79,622.69,416.84
M305991,G121eI114B,positive,Retained By Filtering,41717.21,39420.48,555.5,502.38
M305992,G121eI114B,positive,Retained By Filtering,41723.62,39647.57,556.4,534.03
M305993,G121eI114B,positive,Retained By Filtering,41639.6,39959.08,544.62,577.45
M305995,G121eI114B,positive,Retained By Filtering,41321.67,39921.38,500.03,572.2
M305996,G121eI114B,positive,Retained By Filtering,40995.52,39926.63,454.29,572.93
M305997,G121eI114B,positive,Retained By Filtering,40778,39768.14,423.78,550.84
M305998,G121eI114B,positive,Retained By Filtering,42434.02,41343.85,656.04,770.46
M305999,G121eI114B,positive,Retained By Filtering,42403.66,40989.71,651.78,721.1
M306001,G121eI114B,positive,Retained By Filtering,42166.99,40923.38,618.59,711.85
M306002,G121eI114B,positive,Retained By Filtering,41926,40774.76,584.79,691.14
M306003,G121eI114B,positive,Retained By Filtering,41635,40654.93,543.97,674.44
M306004,G121eI114B,positive,Retained By Filtering,41255.36,40693.77,490.73,679.85
M306005,G121eI114B,positive,Excluded By Filtering,41324.66,40994.49,500.45,721.76
M306006,G121eI114B,positive,Retained By Filtering,41211.82,41228.55,484.62,754.39
M306007,G121eI114B,positive,Retained By Filtering,41295.54,41605.2,496.36,806.88
M306008,G121eI114B,positive,Retained By Filtering,40982.21,41706.03,452.42,820.94
M306009,G121eI114B,positive,Retained By Filtering,40822.1,41578.71,429.96,803.19
M306010,G121eI114B,positive,Retained By Filtering,40786.1,41347.32,424.91,770.94
M306012,G121eI114B,positive,Retained By Filtering,40863.52,41011.72,435.77,724.17
M306013,G121eI114B,positive,Retained By Filtering,40982.36,40812.45,452.44,696.39
M306014,G121eI114B,positive,Retained By Filtering,41299.82,41223.04,496.96,753.62
M306016,G121eI114B,positive,Retained By Filtering,41052.42,40518.67,462.27,655.44
M306017,G121eI114B,positive,Retained By Filtering,41098.65,40292.1,468.75,623.87
M306018,G121eI114B,positive,Retained By Filtering,41528.75,40326.42,529.07,628.65
M306019,G121eI114B,positive,Retained By Filtering,41333.44,40127.3,501.68,600.9
M306020,G121eI114B,positive,Retained By Filtering,40963.69,40121.43,449.82,600.08
M306021,G121eI114B,positive,Retained By Filtering,40167.38,40329.08,338.14,629.02
M306022,G121eI114B,positive,Retained By Filtering,40734.38,37281.21,417.66,204.21
M306023,G121eI114B,positive,Retained By Filtering,41063.25,37414.54,463.78,222.79
M306024,G121eI114B,positive,Retained By Filtering,40765.63,37433.25,422.04,225.4
M306025,G121eI114B,positive,Retained By Filtering,40740.12,37919.65,418.46,293.2
M306026,G121eI114B,positive,Retained By Filtering,40631.19,38191.15,403.19,331.04
M306027,G121eI114B,positive,Retained By Filtering,40352.22,38027.68,364.06,308.25
M306029,G121eI114B,positive,Retained By Filtering,40467.65,38446.55,380.25,366.64
M306030,G121eI114B,positive,Retained By Filtering,40857.06,38305.09,434.87,346.92
M306032,G121eI114B,positive,Retained By Filtering,41313.53,38543.13,498.89,380.1
M306033,G121eI114B,positive,Retained By Filtering,41281.36,38359.6,494.37,354.52
M306034,G121eI114B,positive,Retained By Filtering,41292.78,38116.89,495.98,320.69
M306035,G121eI114B,positive,Retained By Filtering,41246.88,37919.13,489.54,293.12
M306036,G121eI114B,positive,Retained By Filtering,41317.47,37620.01,499.44,251.43
M306037,G121eI114B,positive,Retained By Filtering,40982.45,38584.25,452.45,385.83
M306710,G121eI117A,positive,Retained By Filtering,40240.25,17372.48,433.15,451.76
M306711,G121eI117A,positive,Retained By Filtering,40089.32,17732.83,410.54,506.03
M306712,G121eI117A,positive,Retained By Filtering,40580.49,17658.91,484.12,494.9
M306714,G121eI117A,positive,Retained By Filtering,40421.8,18027.65,460.34,550.43
M306715,G121eI117A,positive,Retained By Filtering,40123.38,17995.97,415.64,545.66
M306716,G121eI117A,positive,Retained By Filtering,40033.88,18270.81,402.23,587.05
M306717,G121eI117A,positive,Retained By Filtering,40100.47,18701.87,412.21,651.97
M306718,G121eI117A,positive,Retained By Filtering,40823.32,17563.43,520.5,480.52
M306719,G121eI117A,positive,Retained By Filtering,40945.94,17791.25,538.87,514.83
M306720,G121eI117A,positive,Retained By Filtering,40941.32,18134.97,538.17,566.59
M306722,G121eI117A,positive,Retained By Filtering,41030.75,18348.66,551.57,598.78
M306723,G121eI117A,positive,Retained By Filtering,40939.1,18561.13,537.84,630.78
M306724,G121eI117A,positive,Retained By Filtering,40963.09,18833.56,541.44,671.81
M306725,G121eI117A,positive,Retained By Filtering,41025.36,19142.42,550.76,718.32
M306726,G121eI117A,positive,Retained By Filtering,41416.32,18401.07,609.33,606.67
M306728,G121eI117A,positive,Retained By Filtering,41468.72,18732.57,617.18,656.6
M306729,G121eI117A,positive,Retained By Filtering,41808.98,18612.38,668.16,638.5
M306730,G121eI117A,positive,Retained By Filtering,41795.78,18369.79,666.18,601.96
M306731,G121eI117A,positive,Retained By Filtering,41757.5,18076.79,660.45,557.83
M306732,G121eI117A,positive,Retained By Filtering,41989.51,18092.47,695.2,560.19
M306733,G121eI117A,positive,Retained By Filtering,42119.69,18257.32,714.71,585.02
M306735,G121eI117A,positive,Retained By Filtering,41348.14,18074.26,599.12,557.45
M306736,G121eI117A,positive,Retained By Filtering,41420.13,17825.64,609.9,520.01
M306737,G121eI117A,positive,Retained By Filtering,41736.72,17756.41,657.33,509.58
M306738,G121eI117A,positive,Retained By Filtering,41694.62,17444.09,651.03,462.54
M306739,G121eI117A,positive,Retained By Filtering,41396.83,17477.32,606.41,467.55
M306740,G121eI117A,positive,Retained By Filtering,41342.25,17328.9,598.24,445.19
M306741,G121eI117A,positive,Retained By Filtering,41093.07,17285.14,560.91,438.6
M306742,G121eI117A,positive,Retained By Filtering,41701.84,17155.93,652.11,419.14
M306743,G121eI117A,positive,Retained By Filtering,41568.92,16737.93,632.19,356.19
M306744,G121eI117A,positive,Retained By Filtering,41376.85,16674.43,603.42,346.62
M306745,G121eI117A,positive,Retained By Filtering,41127.64,16767.47,566.09,360.64
M306746,G121eI117A,positive,Retained By Filtering,40793.96,16765.76,465.94,360.38
M306747,G121eI117A,positive,Retained By Filtering,40462.12,16710.09,466.39,352
M306749,G121eI117A,positive,Retained By Filtering,40234.97,16762.56,432.36,359.9
M306750,G121eI117A,positive,Retained By Filtering,41314.48,16427.65,594.08,309.46
M306751,G121eI117A,positive,Retained By Filtering,40652.55,16596.79,494.91,334.93
M306753,G121eI117A,positive,Retained By Filtering,40414.14,16516.62,459.2,322.86
M306754,G121eI117A,positive,Retained By Filtering,40436.15,16201.41,462.49,275.38
M306755,G121eI117A,positive,Retained By Filtering,40421.78,15959.07,460.34,238.89
M306756,G121eI117A,positive,Retained By Filtering,40689.23,15937.16,500.41,235.59
M306757,G121eI117A,positive,Retained By Filtering,40419.75,15647.1,460.04,191.9
M306901,G121eI117A,positive,Retained By Filtering,40098.16,16404.81,411.86,306.02
M306902,G121eI117A,positive,Retained By Filtering,39826.66,16741.7,371.19,356.76
M306903,G121eI117A,positive,Retained By Filtering,39428.91,16615.14,311.6,337.7
M306904,G121eI117A,positive,Retained By Filtering,39564.83,16407.09,331.96,306.36
M306906,G121eI117A,positive,Retained By Filtering,39064.76,16550.87,257.05,328.02
M306907,G121eI117A,positive,Retained By Filtering,39231.33,16308.55,282,291.52
M306908,G121eI117A,positive,Retained By Filtering,39271.93,16057.33,288.08,253.68
M306909,G121eI117A,positive,Retained By Filtering,39432.52,16977.31,312.14,392.24
M306910,G121eI117A,positive,Retained By Filtering,39845.34,17195.09,373.99,425.04
M306911,G121eI117A,positive,Retained By Filtering,39830.13,17498.93,371.71,470.8
M306912,G121eI117A,positive,Retained By Filtering,39776.52,17704.3,363.68,501.73
M306914,G121eI117A,positive,Retained By Filtering,39523.79,17777.12,325.81,512.7
M306915,G121eI117A,positive,Retained By Filtering,39257.13,17973.23,285.87,542.23
M306916,G121eI117A,positive,Retained By Filtering,38960.63,17825.3,241.45,519.96
M306917,G121eI117A,positive,Retained By Filtering,38904.33,18093.09,233.01,560.29
M306919,G121eI117A,positive,Retained By Filtering,40192.71,16909.18,426.03,381.98
M306920,G121eI117A,positive,Retained By Filtering,40275.87,17071.71,438.48,406.46
M306921,G121eI117A,positive,Retained By Filtering,40479.64,17279.52,469.01,437.76
M306922,G121eI117A,positive,Retained By Filtering,40747.73,17932.07,509.17,536.04
M306923,G121eI117A,positive,Retained By Filtering,40686.45,18162.53,499.99,570.74
M306924,G121eI117A,positive,Retained By Filtering,40386.43,18471.01,455.05,617.2
M306925,G121eI117A,positive,Retained By Filtering,39406.37,18161.06,308.22,570.52
M306926,G121eI117A,positive,Retained By Filtering,39789.52,18248.6,365.62,583.71
M306927,G121eI117A,positive,Retained By Filtering,39364.14,18430.42,301.9,611.09
M306928,G121eI117A,positive,Retained By Filtering,38952.04,18543.88,240.16,628.18
M306929,G121eI117A,positive,Retained By Filtering,39076.98,17947.8,258.88,538.4
M306930,G121eI117A,positive,Excluded By Filtering,38878.12,18254.26,229.09,584.56
M306932,G121eI117A,positive,Retained By Filtering,40129.14,18453.73,416.5,614.6
M306933,G121eI117A,positive,Retained By Filtering,39175.43,18170.66,273.63,571.97
M306934,G121eI117A,positive,Retained By Filtering,38793.41,18006.18,216.4,547.2
M306935,G121eI117A,positive,Retained By Filtering,39675.52,17959.95,348.54,540.23
M306936,G121eI117A,positive,Retained By Filtering,39822.16,16491.52,370.51,319.08
M306938,G121eI117A,positive,Retained By Filtering,40179.6,16200.63,424.06,275.27
M306939,G121eI117A,positive,Retained By Filtering,40235.53,15955.95,432.44,238.42
M306940,G121eI117A,positive,Retained By Filtering,40134.1,15725.92,417.24,203.77
M306941,G121eI117A,positive,Retained By Filtering,40426.22,17837.48,461.01,521.79
M306942,G121eI117A,positive,Retained By Filtering,40586.7,18705.06,485.05,652.45
M306943,G121eI117A,positive,Retained By Filtering,40315.91,18778.55,444.48,663.52
M306944,G121eI117A,positive,Retained By Filtering,40173.08,18944.36,423.08,688.5
M306945,G121eI117A,positive,Retained By Filtering,40248.44,19213.25,434.37,728.99
M306946,G121eI117A,positive,Retained By Filtering,39897.52,19190.22,381.8,725.52
M306948,G121eI117A,positive,Retained By Filtering,39997.93,19314.8,396.85,744.29
M306997,G121eI117A,positive,Retained By Filtering,41559.05,17993.91,618.7,544.64
M306998,G121eI117A,positive,Retained By Filtering,42153.26,18405.44,706.41,605.7
M306999,G121eI117A,positive,Retained By Filtering,41686.13,18499.3,637.46,619.63
M307001,G121eI117A,positive,Retained By Filtering,41177.87,18640.94,562.44,640.65
M307002,G121eI117A,positive,Retained By Filtering,40799.84,18678.17,506.65,646.17
M307003,G121eI117A,positive,Retained By Filtering,40579.39,18831.26,474.11,668.89
M307004,G121eI117A,positive,Retained By Filtering,40003.41,18998.06,389.09,693.64
M307005,G121eI117A,positive,Retained By Filtering,40377.48,18174.8,444.31,571.48
M307006,G121eI117A,positive,Retained By Filtering,40553.77,17461.37,470.33,465.62
M307007,G121eI117A,positive,Retained By Filtering,40852.02,17129.73,514.35,416.41
M307008,G121eI117A,positive,Excluded By Filtering,40889.66,16655.96,519.9,346.11
M307009,G121eI117A,positive,Retained By Filtering,40298.22,16539.7,432.61,328.85
M307010,G121eI117A,positive,Retained By Filtering,39443.16,16174.1,306.4,274.6
M307012,G121eI117A,positive,Retained By Filtering,39123.17,16129.48,259.17,267.98
M307013,G121eI117A,positive,Retained By Filtering,40525.24,16886.12,466.11,380.26
M307014,G121eI117A,positive,Retained By Filtering,40574.4,15780.89,473.37,216.26
M307015,G121eI117A,positive,Retained By Filtering,40527.78,15455.14,466.49,167.92
M307016,G121eI117A,positive,Retained By Filtering,40279.46,15407.38,429.84,160.83
M307017,G121eI117A,positive,Retained By Filtering,40028.38,15397.05,392.78,159.3
M307018,G121eI117A,positive,Retained By Filtering,40190.54,15565.87,416.71,184.35
M307020,G121eI117A,positive,Retained By Filtering,40578.94,16238.01,474.04,284.09
M307021,G121eI117A,positive,Retained By Filtering,40593.05,16419.67,476.12,311.04
M307022,G121eI117A,positive,Retained By Filtering,40090.28,17201.74,401.91,427.09
M307024,G121eI117A,positive,Retained By Filtering,39852.87,17336.47,366.87,447.08
M307025,G121eI117A,positive,Retained By Filtering,39478.64,17994.75,311.64,544.76
M307026,G121eI117A,positive,Retained By Filtering,39565.22,18355.19,324.42,598.25
M307027,G121eI117A,positive,Retained By Filtering,39920.61,18367.19,376.87,600.03
M307028,G121eI117A,positive,Retained By Filtering,39939.88,18108.03,379.72,561.57
M307029,G121eI117A,positive,Retained By Filtering,41159.27,17446.7,559.7,463.44
M307031,G121eI117A,positive,Retained By Filtering,41075.85,17083.25,547.38,409.51
M307032,G121eI117A,positive,Retained By Filtering,41211.15,16910.52,567.35,383.88
M307033,G121eI117A,positive,Retained By Filtering,41222.18,16609.54,568.98,339.22
M307034,G121eI117A,positive,Retained By Filtering,41321.62,16727.46,583.66,356.72
M307035,G121eI117A,positive,Retained By Filtering,41472.79,17009.36,605.97,398.55
M307036,G121eI117A,positive,Retained By Filtering,41796.45,16871.49,653.74,378.09
M307037,G121eI117A,positive,Retained By Filtering,40419.82,18623.16,450.55,638.01
M307038,G121eI117A,positive,Retained By Filtering,40781.59,18435.17,503.95,610.12
M307039,G121eI117A,positive,Retained By Filtering,40803.62,18886.5,507.2,677.09
M307041,G121eI117A,positive,Retained By Filtering,41154.23,19275.55,558.95,734.82
M307042,G121eI117A,positive,Retained By Filtering,41378.59,19328.68,592.07,742.7
M307043,G121eI117A,positive,Retained By Filtering,41408.52,19558.02,596.49,776.73
M307044,G121eI117A,positive,Retained By Filtering,40947.95,19633.19,528.51,787.89
M307093,G121eI117A,positive,Retained By Filtering,41248.69,19400.95,572.9,753.42
M307095,G121eI117A,positive,Retained By Filtering,41131.16,18067.88,555.55,555.62
M307096,G121eI117A,positive,Retained By Filtering,41158.06,17829.7,559.52,520.27
M307097,G121eI117A,positive,Retained By Filtering,41158.22,17624.58,559.54,489.84
M307098,G121eI117A,positive,Retained By Filtering,40313.4,17565.25,434.85,481.03
M307099,G121eI117A,positive,Retained By Filtering,40093.68,17509.01,402.42,472.69
M307100,G121eI117A,positive,Retained By Filtering,39928.58,17796.47,378.05,515.34
M307101,G121eI117A,positive,Retained By Filtering,41370.42,17170.14,590.86,422.4
M307102,G121eI117A,positive,Retained By Filtering,40853.96,17317.13,514.63,444.21
M307103,G121eI117A,positive,Retained By Filtering,40268.05,17855.09,428.15,524.04
M307105,G121eI117A,positive,Retained By Filtering,39273.42,18254.63,281.35,583.33
M307106,G121eI117A,positive,Retained By Filtering,39638.07,17275.48,335.17,438.03
M307107,G121eI117A,positive,Retained By Filtering,39595.83,17105.92,328.93,412.87
M307108,G121eI117A,positive,Retained By Filtering,39499.21,16775.27,314.67,363.81
M307109,G121eI117A,positive,Retained By Filtering,39040.85,16475.04,247.02,319.26
M307110,G121eI117A,positive,Retained By Filtering,39404.2,16430.92,300.65,312.71
M307111,G121eI117A,positive,Retained By Filtering,39455.39,15996.62,308.2,248.27
M307112,G121eI117A,positive,Retained By Filtering,39160.01,16757.56,264.61,361.18
M307113,G121eI117A,positive,Retained By Filtering,39287.09,15878.21,283.36,230.7
M307114,G121eI117A,positive,Retained By Filtering,39155.59,15976.55,263.95,245.29
M307116,G121eI117A,positive,Retained By Filtering,39809.26,16906.1,360.44,383.22
M307117,G121eI117A,positive,Retained By Filtering,41013.81,17868.64,538.23,526.05
M307119,G121eI117A,positive,Retained By Filtering,41302.47,18214.84,580.83,577.42
M307120,G121eI117A,positive,Retained By Filtering,41002.21,18701.09,536.52,649.57
M307121,G121eI117A,positive,Retained By Filtering,41113.79,18970.7,552.98,689.58
M307122,G121eI117A,positive,Retained By Filtering,41466.73,19454.94,605.08,761.44
M307123,G121eI117A,positive,Retained By Filtering,40169.89,19108.61,413.66,710.05
M307124,G121eI117A,positive,Retained By Filtering,40195.2,19380.02,417.4,750.32
M307125,G121eI117A,positive,Retained By Filtering,40513.92,18325.78,464.44,593.88
M307126,G121eI117A,positive,Retained By Filtering,40283.32,18308.29,430.41,591.29
M307127,G121eI117A,positive,Retained By Filtering,40173.93,18137.43,414.26,565.94
M307129,G121eI117A,positive,Retained By Filtering,40337.64,17211.61,438.42,428.56
M307130,G121eI117A,positive,Retained By Filtering,41849.31,17184.8,661.55,424.58
M307131,G121eI117A,positive,Retained By Filtering,41846.87,17398.13,661.19,456.23
M307132,G121eI117A,positive,Retained By Filtering,41520.45,17689.61,613.01,499.49
M307133,G121eI117A,positive,Retained By Filtering,40834.35,16984.01,511.74,394.78
M307134,G121eI117A,positive,Retained By Filtering,40411.23,16944.9,449.29,388.98
M307136,G121eI117A,positive,Retained By Filtering,39972.41,16987.31,384.52,395.27
M307137,G121eI117A,positive,Retained By Filtering,40283.04,15754.43,430.37,212.33
M307138,G121eI117A,positive,Retained By Filtering,40398.21,15446.7,447.36,166.67
M307139,G121eI117A,positive,Retained By Filtering,40728.55,15451.32,496.12,167.35
M307140,G121eI117A,positive,Retained By Filtering,40849.39,15864.49,513.96,228.66
M307189,G121eI118B,positive,Retained By Filtering,40477.76,40398.38,367.42,362.78
M307190,G121eI118B,positive,Retained By Filtering,41020,40432.6,449.75,367.95
M307191,G121eI118B,positive,Retained By Filtering,41315.35,40400.16,494.6,363.05
M307192,G121eI118B,positive,Retained By Filtering,41636.7,40414.25,543.39,365.18
M307193,G121eI118B,positive,Retained By Filtering,41606.95,40710.88,538.87,409.94
M307195,G121eI118B,positive,Retained By Filtering,41278.56,40681.84,489.01,405.55
M307196,G121eI118B,positive,Retained By Filtering,40839.26,40698.77,422.31,408.11
M307197,G121eI118B,positive,Excluded By Filtering,40578.63,40672.54,382.74,404.15
M307199,G121eI118B,positive,Retained By Filtering,40262.16,40622.05,334.69,396.53
M307200,G121eI118B,positive,Retained By Filtering,40003.29,41025.46,295.38,457.4
M307201,G121eI118B,positive,Retained By Filtering,40473.63,40946.96,366.79,445.56
M307202,G121eI118B,positive,Retained By Filtering,40743.72,40980.12,407.8,450.56
M307203,G121eI118B,positive,Retained By Filtering,41288.98,40999.75,490.59,453.52
M307204,G121eI118B,positive,Retained By Filtering,41623.41,40989.19,541.37,451.93
M307206,G121eI118B,positive,Retained By Filtering,40280.93,41382.97,337.54,511.35
M307207,G121eI118B,positive,Retained By Filtering,40093.91,41619.25,309.14,547
M307208,G121eI118B,positive,Retained By Filtering,40343.45,42213.92,347.03,636.73
M307209,G121eI118B,positive,Retained By Filtering,40797.52,42244.61,415.97,641.36
M307210,G121eI118B,positive,Retained By Filtering,41063.72,41890.35,456.39,587.91
M307211,G121eI118B,positive,Retained By Filtering,40732.4,41830.62,406.08,578.89
M307212,G121eI118B,positive,Retained By Filtering,40483.84,41649.62,368.34,551.58
M307213,G121eI118B,positive,Retained By Filtering,41417.69,42222.79,510.14,638.07
M307214,G121eI118B,positive,Retained By Filtering,41997.31,42246.22,598.14,641.6
M307215,G121eI118B,positive,Retained By Filtering,41971.04,42570.88,594.15,690.59
M307216,G121eI118B,positive,Retained By Filtering,41498.41,42558.54,522.39,688.73
M307217,G121eI118B,positive,Excluded By Filtering,41102.62,42754.66,462.3,718.32
M307218,G121eI118B,positive,Retained By Filtering,40887.03,42985.42,429.56,753.14
M307220,G121eI118B,positive,Retained By Filtering,40914.04,43385.79,433.66,813.55
M307221,G121eI118B,positive,Retained By Filtering,41771.22,40178.97,563.81,329.68
M307222,G121eI118B,positive,Retained By Filtering,41362.17,39891.32,501.71,286.27
M307223,G121eI118B,positive,Retained By Filtering,41345.35,39543.02,499.15,233.72
M307224,G121eI118B,positive,Retained By Filtering,41807.16,39602.83,569.27,242.74
M307226,G121eI118B,positive,Retained By Filtering,41357.93,39310.26,501.06,198.6
M307227,G121eI118B,positive,Retained By Filtering,41409.9,40175.77,508.95,329.19
M307228,G121eI118B,positive,Retained By Filtering,41004.06,40141.25,447.33,323.99
M307229,G121eI118B,positive,Retained By Filtering,41798.99,41705.86,568.03,560.07
M307230,G121eI118B,positive,Retained By Filtering,41809.51,41382.39,569.63,511.26
M307231,G121eI118B,positive,Retained By Filtering,41920.95,41073.65,586.55,464.67
M307232,G121eI118B,positive,Retained By Filtering,42303.5,41062.1,644.63,462.93
M307233,G121eI118B,positive,Retained By Filtering,42298.53,41411.1,643.88,515.59
M307234,G121eI118B,positive,Excluded By Filtering,42749.69,41344.11,712.38,505.48
M307236,G121eI118B,positive,Retained By Filtering,42730.68,41746.54,709.49,566.21
M307286,G121eI118B,positive,Retained By Filtering,41178.61,41363.22,473.83,508.37
M307287,G121eI118B,positive,Retained By Filtering,41301.49,41616.71,492.49,546.62
M307288,G121eI118B,positive,Retained By Filtering,40603.02,42026.76,386.44,608.49
M307289,G121eI118B,positive,Retained By Filtering,41404.88,41267.53,508.19,493.93
M307290,G121eI118B,positive,Retained By Filtering,41721.54,39780.8,556.27,269.6
M307291,G121eI118B,positive,Retained By Filtering,41883.78,40513.84,580.9,380.21
M307292,G121eI118B,positive,Retained By Filtering,42041.21,40248.28,604.81,340.13
M307293,G121eI118B,positive,Retained By Filtering,42386.39,40171.08,657.22,328.49
M307294,G121eI118B,positive,Retained By Filtering,42665.01,40213.48,699.52,334.88
M307295,G121eI118B,positive,Retained By Filtering,42785.13,40360.82,717.76,357.12
M307296,G121eI118B,positive,Retained By Filtering,42822.45,40493.31,723.43,377.11
M307297,G121eI118B,positive,Retained By Filtering,42341.62,40549.88,650.42,385.64
M307298,G121eI118B,positive,Retained By Filtering,42382.64,40338.15,656.65,353.7
M307300,G121eI118B,positive,Retained By Filtering,42322.15,40789.58,647.46,421.81
M307301,G121eI118B,positive,Retained By Filtering,42981.58,42042.57,747.59,610.87
M307302,G121eI118B,positive,Retained By Filtering,43141.18,41803.37,771.82,574.78
M307303,G121eI118B,positive,Retained By Filtering,43136.02,41547.16,771.04,536.12
M307304,G121eI118B,positive,Retained By Filtering,43220.96,41405.04,783.93,514.68
M307305,G121eI118B,positive,Retained By Filtering,43012.68,41215.36,752.31,486.06
M307306,G121eI118B,positive,Excluded By Filtering,42487.04,41177.67,672.5,480.37
M307307,G121eI118B,positive,Retained By Filtering,42400.48,41692.43,659.36,558.04
M307309,G121eI118B,positive,Retained By Filtering,42159.79,41244.46,622.81,490.45
M307310,G121eI118B,positive,Retained By Filtering,42052.41,41531.53,606.51,533.76
M307311,G121eI118B,positive,Retained By Filtering,41605.9,41944.57,538.71,596.09
M307313,G121eI118B,positive,Retained By Filtering,41729.32,42283.14,557.45,647.17
M307314,G121eI118B,positive,Retained By Filtering,41623.35,42751.59,541.36,717.86
M307315,G121eI118B,positive,Retained By Filtering,42010.37,42927.94,600.12,744.47
M307316,G121eI118B,positive,Retained By Filtering,42358.11,42924.31,652.92,743.92
M307317,G121eI118B,positive,Retained By Filtering,42223.86,43131.62,632.54,775.2
M307318,G121eI118B,positive,Retained By Filtering,41953.9,43352.38,591.55,808.51
M307319,G121eI118B,positive,Retained By Filtering,41771.66,43392.9,563.88,814.62
M307320,G121eI118B,positive,Retained By Filtering,41816.24,43015.24,570.65,757.64
M307321,G121eI118B,positive,Retained By Filtering,41222.4,42464.23,480.48,674.5
M307322,G121eI118B,positive,Retained By Filtering,40642.26,42291.06,392.4,648.37
M307323,G121eI118B,positive,Retained By Filtering,40231.99,42124.8,330.11,623.28
M307325,G121eI118B,positive,Retained By Filtering,41040.91,41234.33,452.93,488.92
M307327,G121eI118B,positive,Retained By Filtering,41080.68,40846.76,458.97,430.44
M307328,G121eI118B,positive,Retained By Filtering,40292.63,40845.73,339.31,430.28
M307329,G121eI118B,positive,Retained By Filtering,40218.71,40448.63,328.09,370.37
M307330,G121eI118B,positive,Excluded By Filtering,40148.28,40182.19,317.4,330.16
M307331,G121eI118B,positive,Retained By Filtering,40323.17,39926.12,343.95,291.52
M307332,G121eI118B,positive,Retained By Filtering,40553.56,40033.47,378.93,307.72
M307381,G121eI118B,positive,Retained By Filtering,42000.34,41883.71,582.35,564.06
M307383,G121eI118B,positive,Retained By Filtering,42568.44,41526.11,669.25,509.7
M307384,G121eI118B,positive,Retained By Filtering,41067.32,41026.2,439.64,433.71
M307385,G121eI118B,positive,Retained By Filtering,41082.63,40644.88,441.98,375.75
M307386,G121eI118B,positive,Retained By Filtering,41096.39,40239.64,444.09,314.15
M307387,G121eI118B,positive,Retained By Filtering,40647.39,40242.08,375.41,314.52
M307388,G121eI118B,positive,Retained By Filtering,40331.64,40238.88,327.11,314.04
M307389,G121eI118B,positive,Retained By Filtering,40798.28,39977.72,398.49,274.34
M307390,G121eI118B,positive,Retained By Filtering,41168.76,40213.81,455.16,310.23
M307391,G121eI118B,positive,Retained By Filtering,41676.25,40000.59,532.78,277.82
M307393,G121eI118B,positive,Retained By Filtering,41941.54,40380.49,573.36,335.56
M307394,G121eI118B,positive,Retained By Filtering,41875.35,40711.55,563.23,385.89
M307395,G121eI118B,positive,Excluded By Filtering,41938.22,40904.54,572.85,415.22
M307396,G121eI118B,positive,Retained By Filtering,42136.78,40933.02,603.22,419.55
M307397,G121eI118B,positive,Retained By Filtering,41493.8,39726.64,504.87,236.18
M307398,G121eI118B,positive,Retained By Filtering,41673.11,39491.05,532.3,200.37
M307399,G121eI118B,positive,Retained By Filtering,41548.34,39341.56,513.22,177.64
M307400,G121eI118B,positive,Retained By Filtering,40931.29,40314.6,418.83,325.55
M307402,G121eI118B,positive,Retained By Filtering,40661.33,40477.61,377.54,350.33
M307403,G121eI118B,positive,Retained By Filtering,40387.78,41110.67,335.7,446.55
M307404,G121eI118B,positive,Retained By Filtering,40379,41258.6,334.36,469.04
M307405,G121eI118B,positive,Retained By Filtering,40687.41,41252.09,381.53,468.05
M307406,G121eI118B,positive,Retained By Filtering,40986.49,41393.15,427.28,489.49
M307407,G121eI118B,positive,Retained By Filtering,41391.62,41466.39,489.24,500.62
M307408,G121eI118B,positive,Retained By Filtering,41686.25,41534.04,534.31,510.91
M307409,G121eI118B,positive,Retained By Filtering,42044.78,41712.53,589.15,538.04
M307410,G121eI118B,positive,Retained By Filtering,42345.62,41899.38,635.16,566.44
M307412,G121eI118B,positive,Retained By Filtering,42072.98,42081.77,593.46,594.16
M307413,G121eI118B,positive,Retained By Filtering,42953.71,41652.21,728.18,528.87
M307414,G121eI118B,positive,Retained By Filtering,42858.74,41855.64,713.65,559.79
M307415,G121eI118B,positive,Retained By Filtering,42467.6,41825.25,653.82,555.17
M307416,G121eI118B,positive,Retained By Filtering,42447.99,41422.59,650.82,493.97
M307417,G121eI118B,positive,Retained By Filtering,42351.32,41559.07,636.04,514.71
M307419,G121eI118B,positive,Retained By Filtering,41690.95,41239.28,535.03,466.1
M307420,G121eI118B,positive,Retained By Filtering,41858.37,41535.64,560.64,511.15
M307421,G121eI118B,positive,Retained By Filtering,41211.07,41163.06,461.63,454.52
M307423,G121eI118B,positive,Retained By Filtering,41122.16,41496.59,448.03,505.21
M307424,G121eI118B,positive,Retained By Filtering,41170.14,41763.59,455.37,545.8
M307425,G121eI118B,positive,Retained By Filtering,40057.46,41756.88,285.18,544.78
M307426,G121eI118B,positive,Retained By Filtering,39903.29,41204.65,261.6,460.84
M307427,G121eI118B,positive,Retained By Filtering,40885.1,40859.57,411.77,408.39
M307428,G121eI118B,positive,Retained By Filtering,41290.3,40269.64,473.75,318.71
M306662,G121eO306A,positive,Retained By Filtering,39436.91,18261.55,315.3,521.36
M306663,G121eO306A,positive,Retained By Filtering,39667.61,18539.76,336.36,546.61
M306664,G121eO306A,positive,Retained By Filtering,39838.92,18989.44,352.01,587.42
M306666,G121eO306A,positive,Excluded By Filtering,39567.46,19393.77,327.22,624.11
M306667,G121eO306A,positive,Retained By Filtering,39610.08,19673.42,331.11,649.48
M306668,G121eO306A,positive,Excluded By Filtering,40115.32,19731.93,377.25,654.79
M306669,G121eO306A,positive,Retained By Filtering,39899.15,20251.15,357.51,701.91
M306670,G121eO306A,positive,Retained By Filtering,40475.12,20813.74,410.1,752.97
M306671,G121eO306A,positive,Retained By Filtering,40953.99,20486.26,453.83,723.25
M306672,G121eO306A,positive,Retained By Filtering,41736.66,20167.41,525.3,694.31
M306674,G121eO306A,positive,Retained By Filtering,42116.41,19372.65,559.98,622.19
M306675,G121eO306A,positive,Retained By Filtering,41898.1,19074.17,540.04,595.1
M306676,G121eO306A,positive,Retained By Filtering,42440.58,19011.14,589.58,589.38
M306677,G121eO306A,positive,Retained By Filtering,42412.14,18438.5,586.98,537.42
M306678,G121eO306A,positive,Retained By Filtering,42936.41,19373.11,634.86,622.23
M306680,G121eO306A,positive,Retained By Filtering,43117.45,20095.53,651.39,687.79
M306681,G121eO306A,positive,Retained By Filtering,42775.83,19951.89,620.19,674.76
M306682,G121eO306A,positive,Retained By Filtering,42225.97,20158.86,569.98,693.54
M306683,G121eO306A,positive,Retained By Filtering,42394.96,20501.38,585.41,724.62
M306684,G121eO306A,positive,Excluded By Filtering,42311.86,20880.52,577.83,759.03
M306685,G121eO306A,positive,Retained By Filtering,41369.04,20825.56,491.73,754.04
M306687,G121eO306A,positive,Retained By Filtering,41333,17447.65,488.44,447.5
M306688,G121eO306A,positive,Retained By Filtering,41667.86,17401.26,519.02,443.29
M306689,G121eO306A,positive,Retained By Filtering,41734.31,17700.77,525.09,470.47
M306690,G121eO306A,positive,Retained By Filtering,41730.35,17967.29,524.72,494.66
M306691,G121eO306A,positive,Retained By Filtering,42266.23,17844.2,573.66,483.49
M306692,G121eO306A,positive,Retained By Filtering,42579.77,18065.57,602.29,503.58
M306693,G121eO306A,positive,Retained By Filtering,43030.67,17963.7,643.46,494.33
M306694,G121eO306A,positive,Retained By Filtering,42372.56,16834.64,583.37,391.87
M306695,G121eO306A,positive,Retained By Filtering,42169.18,16501.87,564.8,361.67
M306696,G121eO306A,positive,Excluded By Filtering,42217.46,15798.65,569.21,297.86
M306697,G121eO306A,positive,Retained By Filtering,41995.38,15427.6,548.93,264.19
M306698,G121eO306A,positive,Retained By Filtering,41740.71,15427.99,525.67,264.22
M306699,G121eO306A,positive,Retained By Filtering,41523.67,15253.98,505.85,248.43
M306701,G121eO306A,positive,Retained By Filtering,41267.15,15441.9,482.43,265.48
M306702,G121eO306A,positive,Retained By Filtering,40048.54,15667.91,371.15,285.99
M306703,G121eO306A,positive,Retained By Filtering,40348.04,16031.25,398.5,318.97
M306705,G121eO306A,positive,Retained By Filtering,39831.64,16024.95,351.34,318.4
M306706,G121eO306A,positive,Retained By Filtering,39828.9,16328.72,351.09,345.96
M306707,G121eO306A,positive,Retained By Filtering,39429.25,16486.8,314.6,360.31
M306708,G121eO306A,positive,Retained By Filtering,39344.57,16813.67,306.86,389.97
M306709,G121eO306A,positive,Retained By Filtering,39182.42,16898.35,292.06,397.65
M306758,G121eO306A,positive,Retained By Filtering,39759.71,16855.25,344.77,393.74
M306854,G121eO306A,positive,Retained By Filtering,40032.72,16853.17,369.7,393.55
M306855,G121eO306A,positive,Retained By Filtering,40203.18,17202.7,385.27,425.27
M306856,G121eO306A,positive,Retained By Filtering,40136.09,17443.68,379.14,447.14
M306858,G121eO306A,positive,Retained By Filtering,40077.52,17689.66,373.79,469.46
M306859,G121eO306A,positive,Retained By Filtering,39668.63,17707.81,336.46,471.11
M306860,G121eO306A,positive,Retained By Filtering,39781.19,17974.34,346.73,495.3
M306861,G121eO306A,positive,Retained By Filtering,41772.93,18180.55,528.61,514.01
M306862,G121eO306A,positive,Retained By Filtering,41659.1,18508.19,518.22,543.74
M306863,G121eO306A,positive,Retained By Filtering,41763.31,18883.29,527.73,577.78
M306864,G121eO306A,positive,Retained By Filtering,41668.5,19312.89,519.08,616.77
M306866,G121eO306A,positive,Retained By Filtering,41232.95,19570.39,479.3,640.14
M306867,G121eO306A,positive,Retained By Filtering,41304.75,19829.4,485.86,663.64
M306868,G121eO306A,positive,Retained By Filtering,40713.65,19686.97,431.88,650.71
M306869,G121eO306A,positive,Retained By Filtering,41029.04,19868.71,460.68,667.21
M306871,G121eO306A,positive,Retained By Filtering,42172.32,19862.77,565.08,666.67
M306872,G121eO306A,positive,Retained By Filtering,42803.58,20889.37,622.73,759.83
M306873,G121eO306A,positive,Retained By Filtering,42884.16,21218.29,630.09,789.68
M306874,G121eO306A,positive,Retained By Filtering,43104.2,20619.92,650.18,735.38
M306875,G121eO306A,positive,Retained By Filtering,42660.82,20609.46,609.69,734.43
M306876,G121eO306A,positive,Retained By Filtering,40976.89,20117.07,455.92,689.75
M306877,G121eO306A,positive,Retained By Filtering,40848.98,19313.03,444.24,616.78
M306878,G121eO306A,positive,Retained By Filtering,40550.36,19004.69,416.97,588.8
M306879,G121eO306A,positive,Retained By Filtering,41206.02,18900.51,476.84,579.35
M306880,G121eO306A,positive,Retained By Filtering,41309.45,18615.97,486.29,553.52
M306881,G121eO306A,positive,Retained By Filtering,40889.22,18564.6,447.92,548.86
M306882,G121eO306A,positive,Retained By Filtering,40557.94,18489.72,417.66,542.07
M306884,G121eO306A,positive,Retained By Filtering,40246.97,18462.99,389.27,539.64
M306885,G121eO306A,positive,Retained By Filtering,40238.19,18077.01,388.47,504.61
M306886,G121eO306A,positive,Retained By Filtering,39880.9,18265.51,355.84,521.72
M306887,G121eO306A,positive,Retained By Filtering,39368.01,19047.91,309,592.72
M306888,G121eO306A,positive,Retained By Filtering,39757.4,19875,344.56,667.78
M306890,G121eO306A,positive,Retained By Filtering,39614.67,20103.27,331.53,688.49
M306891,G121eO306A,positive,Retained By Filtering,40440.24,20022.19,406.92,681.13
M306892,G121eO306A,positive,Retained By Filtering,40300.71,20270.6,394.18,703.68
M306893,G121eO306A,positive,Retained By Filtering,41510.93,17010.39,504.69,407.82
M306894,G121eO306A,positive,Retained By Filtering,41594.13,16787.89,512.29,387.63
M306895,G121eO306A,positive,Retained By Filtering,41574.76,16573.93,510.52,368.21
M306896,G121eO306A,positive,Retained By Filtering,41557.87,16237.18,508.97,337.65
M306897,G121eO306A,positive,Retained By Filtering,42053.67,16105.17,554.25,325.67
M306898,G121eO306A,positive,Retained By Filtering,42574.03,16435.83,601.77,355.68
M306900,G121eO306A,positive,Retained By Filtering,42727.78,16640.07,615.81,374.22
M306949,G121eO306A,positive,Retained By Filtering,40126.72,15267.08,384.85,250.31
M306950,G121eO306A,positive,Retained By Filtering,40363.37,14972.56,407.01,222.58
M306951,G121eO306A,positive,Retained By Filtering,40275.51,14879.02,398.78,213.77
M306953,G121eO306A,positive,Retained By Filtering,40780.41,15066.11,446.07,231.39
M306954,G121eO306A,positive,Retained By Filtering,41037.15,15184.66,470.12,242.55
M306955,G121eO306A,positive,Retained By Filtering,40958.71,15429.8,462.78,265.64
M306956,G121eO306A,positive,Retained By Filtering,40672.22,15687.51,435.94,289.9
M306957,G121eO306A,positive,Retained By Filtering,40414.64,15187.61,411.81,242.83
M306958,G121eO306A,positive,Retained By Filtering,40384.78,15550.24,409.02,276.98
M306959,G121eO306A,positive,Retained By Filtering,40310.86,15928.54,402.09,312.6
M306960,G121eO306A,positive,Retained By Filtering,39945.21,15968.34,367.84,316.35
M306961,G121eO306A,positive,Retained By Filtering,39997.48,16270.21,372.74,344.77
M306962,G121eO306A,positive,Retained By Filtering,39733.13,16459.66,347.98,362.61
M306964,G121eO306A,positive,Retained By Filtering,39782.76,16707.17,352.63,385.92
M306965,G121eO306A,positive,Retained By Filtering,40620.73,16659.28,431.12,381.41
M306966,G121eO306A,positive,Retained By Filtering,40644.72,16867.23,433.37,400.99
M306967,G121eO306A,positive,Retained By Filtering,40970.42,16869.97,463.87,401.25
M306968,G121eO306A,positive,Retained By Filtering,41266.78,16777.63,491.63,392.56
M306970,G121eO306A,positive,Retained By Filtering,41211.31,16526.85,486.44,368.94
M306971,G121eO306A,positive,Retained By Filtering,41164.85,16203.66,482.08,338.51
M306972,G121eO306A,positive,Retained By Filtering,40883.18,16311.18,455.7,348.63
M306973,G121eO306A,positive,Retained By Filtering,41818.96,16300.76,543.35,347.65
M306974,G121eO306A,positive,Retained By Filtering,42188.41,16282.81,577.96,345.96
M306976,G121eO306A,positive,Retained By Filtering,42484.73,16653.34,605.71,380.85
M306977,G121eO306A,positive,Retained By Filtering,42911.73,17094.85,645.71,422.43
M306978,G121eO306A,positive,Retained By Filtering,43049.14,17256.37,658.58,437.64
M306979,G121eO306A,positive,Retained By Filtering,43194.83,17510.46,672.23,461.56
M306980,G121eO306A,positive,Retained By Filtering,42847.72,17547.75,639.71,465.08
M306981,G121eO306A,positive,Retained By Filtering,42585.1,17624.62,615.12,472.31
M306983,G121eO306A,positive,Retained By Filtering,42309.35,17503.07,589.29,460.87
M306984,G121eO306A,positive,Retained By Filtering,42194.02,17349.11,578.48,446.37
M306985,G121eO306A,positive,Retained By Filtering,42250.98,17115.39,583.82,424.36
M306986,G121eO306A,positive,Retained By Filtering,41826.46,17156.73,544.06,428.25
M306987,G121eO306A,positive,Retained By Filtering,41293.57,17195.67,494.14,431.92
M306988,G121eO306A,positive,Retained By Filtering,40709.19,17265.08,439.4,438.46
M306989,G121eO306A,positive,Retained By Filtering,40721.04,17028.48,440.51,416.18
M306990,G121eO306A,positive,Retained By Filtering,40168.83,18053.07,388.79,512.66
M306991,G121eO306A,positive,Retained By Filtering,39422.74,17898.36,318.91,498.09
M306993,G121eO306A,positive,Retained By Filtering,39323.52,18048.49,309.61,512.23
M306994,G121eO306A,positive,Retained By Filtering,39196.74,18288.06,297.74,534.79
M306995,G121eO306A,positive,Retained By Filtering,39229.31,18582.06,300.79,562.47
M306996,G121eO306A,positive,Retained By Filtering,39303.59,18870.93,307.75,589.67
M307045,G121eO306A,positive,Retained By Filtering,40297.34,16993.09,400.83,412.84
M307047,G121eO306A,positive,Retained By Filtering,39897.39,17061.27,363.36,419.26
M307048,G121eO306A,positive,Retained By Filtering,39524.99,16982.56,328.48,411.85
M307049,G121eO306A,positive,Retained By Filtering,39479.45,17301.7,324.22,441.91
M307050,G121eO306A,positive,Retained By Filtering,39858.19,17538.95,359.69,464.25
M307051,G121eO306A,positive,Retained By Filtering,39612.63,18125.43,336.69,519.47
M307052,G121eO306A,positive,Retained By Filtering,39856.86,18732.71,359.57,576.66
M307053,G121eO306A,positive,Retained By Filtering,40162.67,18964.33,388.21,598.47
M307054,G121eO306A,positive,Retained By Filtering,40217.05,19173.56,393.31,618.17
M307055,G121eO306A,positive,Retained By Filtering,40323.64,19372.81,403.29,636.93
M307057,G121eO306A,positive,Retained By Filtering,40678.39,19438.25,436.52,643.1
M307058,G121eO306A,positive,Retained By Filtering,40410.3,19791.07,411.41,676.32
M307059,G121eO306A,positive,Retained By Filtering,40799.29,19967.58,447.84,692.94
M307060,G121eO306A,positive,Retained By Filtering,40474.38,20586.92,417.41,751.26
M307061,G121eO306A,positive,Retained By Filtering,42881.25,21483.2,642.85,835.66
M307062,G121eO306A,positive,Retained By Filtering,42407.88,21473.63,598.52,834.76
M307063,G121eO306A,positive,Retained By Filtering,42392.32,21233,597.06,812.1
M307064,G121eO306A,positive,Retained By Filtering,42497.29,20918.34,606.89,782.47
M307065,G121eO306A,positive,Retained By Filtering,42180.72,21082.65,577.24,797.94
M307066,G121eO306A,positive,Retained By Filtering,41526.19,21293.66,515.93,817.81
M307068,G121eO306A,positive,Retained By Filtering,41930.2,21307.09,553.77,819.08
M307069,G121eO306A,positive,Retained By Filtering,40044.35,19231.68,377.13,623.64
M307071,G121eO306A,positive,Retained By Filtering,40160.46,18264.33,388.01,532.55
M307072,G121eO306A,positive,Retained By Filtering,39821.14,17681.54,356.22,477.67
M307073,G121eO306A,positive,Retained By Filtering,39772.28,17334.57,351.65,445
M307074,G121eO306A,positive,Retained By Filtering,40032.5,16548.9,376.02,371.02
M307075,G121eO306A,positive,Retained By Filtering,40556.25,16192.54,425.08,337.46
M307076,G121eO306A,positive,Retained By Filtering,40974.91,16027.76,464.29,321.94
M307077,G121eO306A,positive,Retained By Filtering,42381.54,19573.01,596.05,655.79
M307078,G121eO306A,positive,Excluded By Filtering,42661.37,19459.16,622.26,645.07
M307079,G121eO306A,positive,Retained By Filtering,42703.75,19186.13,626.23,619.36
M307081,G121eO306A,positive,Retained By Filtering,42392.49,19257.94,597.07,626.12
M307082,G121eO306A,positive,Retained By Filtering,41868.39,19757.13,547.98,673.12
M307083,G121eO306A,positive,Retained By Filtering,41670.56,19564.53,529.45,654.99
M307084,G121eO306A,positive,Retained By Filtering,41201.43,19235.35,485.51,623.99
M307085,G121eO306A,positive,Retained By Filtering,41441.1,18969.4,507.96,598.95
M307086,G121eO306A,positive,Retained By Filtering,41433.14,18752.41,507.21,578.51
M307088,G121eO306A,positive,Retained By Filtering,41241.14,18339.24,489.23,539.61
M307089,G121eO306A,positive,Retained By Filtering,41229.54,17949.19,488.14,502.88
M307090,G121eO306A,positive,Retained By Filtering,41184.56,17653,483.93,474.99
M307091,G121eO306A,positive,Retained By Filtering,41494.25,17782.05,512.94,487.14
M307092,G121eO306A,positive,Retained By Filtering,40997.02,17425.16,466.36,453.53
M307141,G121eO307A,positive,Retained By Filtering,39246.17,16936.2,364.21,331.66
M307142,G121eO307A,positive,Retained By Filtering,38902.01,16626.63,333.39,303.79
M307143,G121eO307A,positive,Retained By Filtering,38782.71,16864.48,322.7,325.2
M307144,G121eO307A,positive,Excluded By Filtering,38658.73,17110.77,311.6,347.38
M307145,G121eO307A,positive,Retained By Filtering,38748.16,17360.93,319.61,369.91
M307146,G121eO307A,positive,Retained By Filtering,38807.13,17590.13,324.89,390.54
M307148,G121eO307A,positive,Retained By Filtering,38739.15,17754.55,318.8,405.35
M307149,G121eO307A,positive,Retained By Filtering,39109.75,16861.56,351.99,324.94
M307151,G121eO307A,positive,Retained By Filtering,39460.25,16761.96,383.39,315.97
M307152,G121eO307A,positive,Retained By Filtering,39462.39,16601.05,383.58,301.48
M307153,G121eO307A,positive,Retained By Filtering,39439.86,16412.87,381.56,284.54
M307154,G121eO307A,positive,Retained By Filtering,39538.21,16084.52,390.37,254.98
M307155,G121eO307A,positive,Retained By Filtering,39720.89,16367.77,406.73,280.48
M307156,G121eO307A,positive,Retained By Filtering,39689.91,15970.38,403.96,244.7
M307157,G121eO307A,positive,Retained By Filtering,40054.01,16005.17,436.57,247.83
M307158,G121eO307A,positive,Retained By Filtering,40230.13,15991.8,452.34,246.63
M307159,G121eO307A,positive,Retained By Filtering,40346.49,16313.14,462.76,275.56
M307160,G121eO307A,positive,Retained By Filtering,40042.54,16283.44,435.54,272.89
M307161,G121eO307A,positive,Retained By Filtering,40029.11,16508.22,434.34,293.13
M307162,G121eO307A,positive,Retained By Filtering,40097.85,16783.03,440.49,317.87
M307163,G121eO307A,positive,Retained By Filtering,39952.92,16803.82,427.51,319.74
M307165,G121eO307A,positive,Retained By Filtering,40507.66,16187.09,477.2,264.21
M307166,G121eO307A,positive,Retained By Filtering,40600.11,16382.17,485.48,281.78
M307167,G121eO307A,positive,Retained By Filtering,40951.12,16485.4,516.91,291.07
M307168,G121eO307A,positive,Retained By Filtering,40929.57,16306.36,514.98,274.95
M307169,G121eO307A,positive,Retained By Filtering,41109.87,16278.29,531.13,272.42
M307170,G121eO307A,positive,Retained By Filtering,40636.97,15797.51,488.78,229.13
M307172,G121eO307A,positive,Retained By Filtering,41006.92,15824.17,521.91,231.53
M307173,G121eO307A,positive,Retained By Filtering,41284.56,16578.04,546.78,299.41
M307174,G121eO307A,positive,Retained By Filtering,41269.37,16942.3,545.42,332.21
M307175,G121eO307A,positive,Retained By Filtering,41283.56,17098.23,546.69,346.25
M307177,G121eO307A,positive,Retained By Filtering,41333.26,17316.13,551.14,365.87
M307178,G121eO307A,positive,Retained By Filtering,41301.28,17695.5,548.28,400.03
M307179,G121eO307A,positive,Retained By Filtering,41604.71,17590.23,575.45,390.55
M307180,G121eO307A,positive,Retained By Filtering,41805.14,17676.69,593.4,398.34
M307181,G121eO307A,positive,Retained By Filtering,41649.17,17826.85,579.43,411.86
M307182,G121eO307A,positive,Retained By Filtering,41833.95,17882.52,595.98,416.87
M307183,G121eO307A,positive,Retained By Filtering,42022.44,18056.85,612.87,432.57
M307184,G121eO307A,positive,Retained By Filtering,42250.58,18089.13,633.3,435.47
M307185,G121eO307A,positive,Retained By Filtering,42358.16,18382.08,642.93,461.85
M307187,G121eO307A,positive,Retained By Filtering,42011.93,18419.7,611.93,465.24
M307188,G121eO307A,positive,Retained By Filtering,41736.02,18440.86,587.21,467.14
M307237,G121eO307A,positive,Retained By Filtering,41305.05,18107.08,548.61,437.09
M307238,G121eO307A,positive,Retained By Filtering,41216.87,18335.16,540.72,457.63
M307239,G121eO307A,positive,Retained By Filtering,40984.02,18432.68,519.86,466.41
M307240,G121eO307A,positive,Retained By Filtering,40960.59,18169.36,517.76,442.7
M307241,G121eO307A,positive,Retained By Filtering,40969.15,17963.29,518.53,424.14
M307242,G121eO307A,positive,Retained By Filtering,40893.88,17745.13,511.79,404.5
M307243,G121eO307A,positive,Retained By Filtering,40903.09,17426.46,512.61,375.81
M307245,G121eO307A,positive,Retained By Filtering,40527.19,17548.45,478.95,386.79
M307246,G121eO307A,positive,Retained By Filtering,40607.71,17788.2,486.16,408.38
M307248,G121eO307A,positive,Retained By Filtering,40488.91,17992.52,475.52,426.77
M307249,G121eO307A,positive,Retained By Filtering,40444.23,18156.51,471.52,441.54
M307250,G121eO307A,positive,Retained By Filtering,40740.05,18219.41,498.01,447.2
M307251,G121eO307A,positive,Retained By Filtering,40205.09,18225.88,450.1,447.79
M307252,G121eO307A,positive,Retained By Filtering,40343.75,18365.68,462.52,460.37
M307253,G121eO307A,positive,Retained By Filtering,40384.5,18498.83,466.17,472.36
M307254,G121eO307A,positive,Retained By Filtering,40405.09,18687.84,468.01,489.38
M307255,G121eO307A,positive,Retained By Filtering,40337.4,18859.85,461.95,504.87
M307256,G121eO307A,positive,Retained By Filtering,40465.7,18933.93,473.44,511.54
M307257,G121eO307A,positive,Retained By Filtering,40359.51,19075.96,463.93,524.33
M307258,G121eO307A,positive,Retained By Filtering,40438.71,19254.49,471.02,540.4
M307259,G121eO307A,positive,Retained By Filtering,40594.6,19418.81,484.98,555.2
M307261,G121eO307A,positive,Retained By Filtering,40131.38,19198.5,443.5,535.36
M307262,G121eO307A,positive,Retained By Filtering,40248.22,19419.55,453.96,555.27
M307263,G121eO307A,positive,Retained By Filtering,40584.02,19575.29,484.04,569.29
M307264,G121eO307A,positive,Retained By Filtering,40337.4,19635.02,461.95,574.67
M307266,G121eO307A,positive,Retained By Filtering,40595.3,19808.75,485.05,590.31
M307267,G121eO307A,positive,Retained By Filtering,40413.55,19789.94,468.77,588.62
M307268,G121eO307A,positive,Retained By Filtering,40371.58,20038.65,465.01,611.01
M307269,G121eO307A,positive,Retained By Filtering,42758.78,20054.26,678.82,612.42
M307270,G121eO307A,positive,Retained By Filtering,42855.37,20322.94,687.47,636.61
M307272,G121eO307A,positive,Retained By Filtering,42804.55,20525.62,682.92,654.86
M307273,G121eO307A,positive,Retained By Filtering,42726.63,20687.51,675.94,669.44
M307274,G121eO307A,positive,Retained By Filtering,42869.52,20923.49,688.73,690.68
M307275,G121eO307A,positive,Retained By Filtering,42782.5,21181.58,680.94,713.92
M307276,G121eO307A,positive,Retained By Filtering,42566.1,21451.12,661.56,738.19
M307277,G121eO307A,positive,Retained By Filtering,41514.31,20252.72,567.36,630.29
M307278,G121eO307A,positive,Retained By Filtering,41540.29,20499.33,569.68,652.49
M307280,G121eO307A,positive,Retained By Filtering,41897.83,20404.86,601.71,643.99
M307281,G121eO307A,positive,Retained By Filtering,41795.58,20165.09,592.55,622.4
M307282,G121eO307A,positive,Retained By Filtering,41639.11,19853.91,578.53,594.38
M307283,G121eO307A,positive,Retained By Filtering,41280.85,19646.76,546.45,575.73
M307284,G121eO307A,positive,Retained By Filtering,41352.85,19255.28,552.9,540.48
M307477,G121eO307A,positive,Retained By Filtering,38766.26,21501.91,349.8,751.39
M307478,G121eO307A,positive,Retained By Filtering,38628.43,21042.45,337.48,710.6
M307479,G121eO307A,positive,Retained By Filtering,38867.33,20715.73,358.83,681.59
M307481,G121eO307A,positive,Retained By Filtering,38816.1,20527.24,354.25,664.86
M307482,G121eO307A,positive,Retained By Filtering,38781.67,20201.24,351.17,635.92
M307483,G121eO307A,positive,Retained By Filtering,38786.36,19924.41,351.59,611.34
M307484,G121eO307A,positive,Retained By Filtering,39066.23,19742.3,376.6,595.17
M307485,G121eO307A,positive,Retained By Filtering,38773.45,19267.21,350.44,552.99
M307486,G121eO307A,positive,Retained By Filtering,38817.4,19035.44,354.37,532.42
M307487,G121eO307A,positive,Retained By Filtering,38388.45,19006.43,316.05,529.84
M307488,G121eO307A,positive,Retained By Filtering,38439.09,18690.39,320.57,501.78
M307489,G121eO307A,positive,Retained By Filtering,38876.27,18657.75,359.63,498.89
M307490,G121eO307A,positive,Retained By Filtering,38854.62,18373.28,357.69,473.63
M307491,G121eO307A,positive,Retained By Filtering,38821.92,18113.45,354.77,450.56
M307493,G121eO307A,positive,Retained By Filtering,39813.58,21711.38,443.36,769.99
M307494,G121eO307A,positive,Retained By Filtering,39675.81,21290.41,431.05,732.61
M307495,G121eO307A,positive,Retained By Filtering,39697.79,21085.32,433.02,714.41
M307497,G121eO307A,positive,Retained By Filtering,39705.15,20725.6,433.67,682.47
M307498,G121eO307A,positive,Retained By Filtering,39640.68,20458.99,427.91,658.8
M307499,G121eO307A,positive,Retained By Filtering,39682.36,20155.82,431.64,631.89
M307500,G121eO307A,positive,Retained By Filtering,39631.9,19761.74,427.13,596.9
M307501,G121eO307A,positive,Retained By Filtering,39550.29,19445.67,419.84,568.84
M307502,G121eO307A,positive,Retained By Filtering,39296.83,19104.54,397.2,538.55
M307503,G121eO307A,positive,Retained By Filtering,39415.28,18721.66,407.78,504.56
M307504,G121eO307A,positive,Retained By Filtering,39970.32,18812.89,457.36,512.66
M307506,G121eO307A,positive,Retained By Filtering,40014.59,18280.59,461.32,465.4
M307507,G121eO307A,positive,Retained By Filtering,39926.91,17882.31,453.49,430.04
M307508,G121eO307A,positive,Retained By Filtering,40116.9,17588.51,470.46,403.96
M307509,G121eO307A,positive,Retained By Filtering,39278.07,18188.05,395.52,457.19
M307511,G121eO307A,positive,Retained By Filtering,39335.54,17891.36,400.65,430.85
M307512,G121eO307A,positive,Retained By Filtering,39224.32,17696.25,390.72,413.53
M307513,G121eO307A,positive,Retained By Filtering,39284.17,17445.65,396.07,391.28
M307514,G121eO307A,positive,Retained By Filtering,39177.02,17118.1,386.49,362.2
M307515,G121eO307A,positive,Retained By Filtering,39466.28,17098.63,412.33,360.47
M307516,G121eO307A,positive,Retained By Filtering,39995.78,17110.81,459.64,361.55
M307517,G121eO307A,positive,Retained By Filtering,40181.62,21179.77,476.24,722.79
M307518,G121eO307A,positive,Retained By Filtering,40324.78,20743.68,489.03,684.08
M307519,G121eO307A,positive,Retained By Filtering,40179.33,20421.16,476.04,655.44
M307520,G121eO307A,positive,Retained By Filtering,40676.44,20291.05,520.45,643.89
M307521,G121eO307A,positive,Retained By Filtering,41239.75,21132.17,570.77,718.57
M307522,G121eO307A,positive,Retained By Filtering,41979.82,21074.02,636.88,713.4
M307523,G121eO307A,positive,Retained By Filtering,42101.14,21683.19,647.72,767.48
M307333,G121eO308A,positive,Excluded By Filtering,40047.56,20236.56,324.68,628.21
M307335,G121eO308A,positive,Retained By Filtering,40436.73,20542.39,360.28,655.69
M307336,G121eO308A,positive,Retained By Filtering,40182.45,20561.1,337.02,657.37
M307337,G121eO308A,positive,Retained By Filtering,40442.15,20825.85,360.78,681.15
M307338,G121eO308A,positive,Retained By Filtering,40808.12,20772.72,394.26,676.38
M307339,G121eO308A,positive,Retained By Filtering,41028.29,20910.88,414.4,688.8
M307340,G121eO308A,positive,Retained By Filtering,41339.55,20912.86,442.87,688.97
M307342,G121eO308A,positive,Retained By Filtering,41804.69,20802.33,485.42,679.04
M307343,G121eO308A,positive,Retained By Filtering,41869.14,21077.39,491.32,703.76
M307344,G121eO308A,positive,Retained By Filtering,41690.68,21269.92,474.99,721.06
M307345,G121eO308A,positive,Retained By Filtering,41764.5,21514.62,481.75,743.04
M307346,G121eO308A,positive,Retained By Filtering,41695.94,21724.7,475.47,761.92
M307347,G121eO308A,positive,Retained By Filtering,42106.09,21628.47,512.99,753.27
M307348,G121eO308A,positive,Retained By Filtering,42551.51,21399.77,553.74,732.72
M307349,G121eO308A,positive,Retained By Filtering,42888.29,21435.68,584.55,735.95
M307350,G121eO308A,positive,Retained By Filtering,43176.06,21600.85,610.88,750.79
M307352,G121eO308A,positive,Retained By Filtering,43140.57,21875.6,607.63,775.48
M307353,G121eO308A,positive,Retained By Filtering,42977.38,22088.43,592.7,794.6
M307354,G121eO308A,positive,Retained By Filtering,43281.41,22187.74,620.51,803.53
M307355,G121eO308A,positive,Retained By Filtering,43039.94,22334.1,598.42,816.68
M307356,G121eO308A,positive,Retained By Filtering,42743.12,22326.57,548.82,815.78
M307357,G121eO308A,positive,Retained By Filtering,43692.32,22031.46,658.1,789.48
M307358,G121eO308A,positive,Retained By Filtering,43783.62,22272.12,666.46,811.11
M307360,G121eO308A,positive,Retained By Filtering,43656.14,22581.06,654.79,838.87
M307361,G121eO308A,positive,Retained By Filtering,44012.26,22522.53,687.37,833.61
M307362,G121eO308A,positive,Retained By Filtering,43235.82,22520.32,616.34,833.41
M307363,G121eO308A,positive,Retained By Filtering,43435.91,22759.02,634.65,854.86
M307364,G121eO308A,positive,Retained By Filtering,42945.6,22722.03,589.79,851.53
M307365,G121eO308A,positive,Retained By Filtering,42890.6,18292.82,584.76,453.55
M307366,G121eO308A,positive,Retained By Filtering,42902.79,17990.13,585.88,426.36
M307367,G121eO308A,positive,Retained By Filtering,43184.36,17925.38,611.64,420.54
M307369,G121eO308A,positive,Retained By Filtering,43128.53,17692.92,606.53,399.65
M307370,G121eO308A,positive,Retained By Filtering,42870.34,17569.96,582.91,388.6
M307371,G121eO308A,positive,Retained By Filtering,42556.84,17326.75,554.23,366.75
M307372,G121eO308A,positive,Retained By Filtering,42326.41,17428.2,533.15,375.86
M307373,G121eO308A,positive,Retained By Filtering,40373.89,17531.77,354.53,385.17
M307375,G121eO308A,positive,Retained By Filtering,40389.75,17834.18,355.98,412.34
M307376,G121eO308A,positive,Retained By Filtering,40521.48,18151.9,368.03,440.89
M307377,G121eO308A,positive,Retained By Filtering,40167.98,18364.33,335.7,459.98
M307378,G121eO308A,positive,Retained By Filtering,40116.59,18775.93,330.99,496.96
M307379,G121eO308A,positive,Retained By Filtering,40554.1,18766.13,371.02,496.08
M307380,G121eO308A,positive,Retained By Filtering,40878.21,19052.31,400.67,521.8
M307429,G121eO308A,positive,Excluded By Filtering,39811.93,19156.61,309.58,534.22
M307430,G121eO308A,positive,Retained By Filtering,40296.14,19102.27,353.56,529.32
M307431,G121eO308A,positive,Retained By Filtering,40351.25,19439.42,358.57,559.75
M307433,G121eO308A,positive,Retained By Filtering,40413.93,19652.99,364.26,579.02
M307434,G121eO308A,positive,Retained By Filtering,40725.43,19622.86,392.55,576.3
M307435,G121eO308A,positive,Retained By Filtering,40881.65,19839.81,406.74,595.88
M307436,G121eO308A,positive,Retained By Filtering,41111.3,20182.4,427.59,626.8
M307437,G121eO308A,positive,Retained By Filtering,40720.69,18462.22,392.12,471.55
M307438,G121eO308A,positive,Retained By Filtering,40995.44,18687.11,417.07,491.85
M307440,G121eO308A,positive,Retained By Filtering,41378.72,18730.14,451.88,495.73
M307441,G121eO308A,positive,Retained By Filtering,41332.72,18963.96,447.7,516.83
M307442,G121eO308A,positive,Retained By Filtering,41424.4,19170.63,456.03,535.49
M307443,G121eO308A,positive,Retained By Filtering,41325.69,19343.86,447.07,551.12
M307444,G121eO308A,positive,Retained By Filtering,41109.91,19389.79,427.47,555.27
M307445,G121eO308A,positive,Retained By Filtering,42506.76,18618.86,554.33,485.69
M307446,G121eO308A,positive,Retained By Filtering,42563.55,18882.18,559.49,509.45
M307447,G121eO308A,positive,Retained By Filtering,42574.77,19123.32,560.51,531.22
M307448,G121eO308A,positive,Retained By Filtering,42555.1,19434.36,558.72,559.29
M307449,G121eO308A,positive,Retained By Filtering,42074.43,19325.27,515.07,549.44
M307450,G121eO308A,positive,Retained By Filtering,41731.48,19453.32,483.92,561
M307451,G121eO308A,positive,Retained By Filtering,41947.11,19696.23,503.5,582.92
M307453,G121eO308A,positive,Retained By Filtering,42547.73,19673.97,558.05,580.92
M307454,G121eO308A,positive,Retained By Filtering,42973.71,19368.79,596.74,553.37
M307455,G121eO308A,positive,Retained By Filtering,43158.61,19079.46,613.53,527.26
M307457,G121eO308A,positive,Retained By Filtering,43479.34,18997.92,642.66,519.9
M307458,G121eO308A,positive,Retained By Filtering,43868.8,19164.24,678.03,534.91
M307459,G121eO308A,positive,Retained By Filtering,43869.62,18656.11,678.11,489.05
M307460,G121eO308A,positive,Retained By Filtering,43678.71,18535.26,660.77,478.14
M307461,G121eO308A,positive,Retained By Filtering,42955.11,18768.73,595.05,499.21
M307463,G121eO308A,positive,Retained By Filtering,42940.02,18513.56,593.68,476.18
M307464,G121eO308A,positive,Retained By Filtering,42054.76,18375.2,513.28,463.69
M307465,G121eO308A,positive,Retained By Filtering,42118.15,18087.27,519.04,437.71
M307466,G121eO308A,positive,Retained By Filtering,41975.21,17829.71,506.05,414.46
M307467,G121eO308A,positive,Retained By Filtering,41869.72,17563.72,496.47,390.45
M307468,G121eO308A,positive,Retained By Filtering,41561.22,17563.06,468.46,390.39
M307469,G121eO308A,positive,Retained By Filtering,41290.85,19878.51,443.9,599.38
M307470,G121eO308A,positive,Retained By Filtering,41897.56,19923.29,499,603.42
M307471,G121eO308A,positive,Retained By Filtering,42568.97,20043.44,559.98,614.26
M307472,G121eO308A,positive,Retained By Filtering,42907.27,20248.54,590.7,632.77
M307473,G121eO308A,positive,Retained By Filtering,42847.92,20524.18,585.31,657.65
M307475,G121eO308A,positive,Retained By Filtering,42493.49,20536.69,553.13,658.78
M307476,G121eO308A,positive,Retained By Filtering,42711.82,20941.5,572.95,695.32
