ID,cryosection,experiment_bioproject,run_accession,experiment_accession,sample_accession,biosample_accession,submission_accession
M300554,G121eI101B,PRJEB86258,ERR15561742,ERX14965307,ERS26792913,SAMEA120135454,ERA34898402
M300555,G121eI101M,PRJEB86258,ERR15561662,ERX14965227,ERS26792833,SAMEA120135374,ERA34898322
M300556,G121eI101B,PRJEB86258,ERR15561714,ERX14965279,ERS26792885,SAMEA120135426,ERA34898374
M300557,G121eI101B,PRJEB86258,ERR15561718,ERX14965283,ERS26792889,SAMEA120135430,ERA34898378
M300558,G121eI101Z,PRJEB86258,ERR15561659,ERX14965224,ERS26792830,SAMEA120135371,ERA34898319
M300559,G121eI101B,PRJEB86258,ERR15561731,ERX14965296,ERS26792902,SAMEA120135443,ERA34898391
M300560,G121eI101B,PRJEB86258,ERR15561710,ERX14965275,ERS26792881,SAMEA120135422,ERA34898370
M300561,G121eI101B,PRJEB86258,ERR15561747,ERX14965312,ERS26792917,SAMEA120135458,ERA34898407
M300562,G121eI101B,PRJEB86258,ERR15561713,ERX14965278,ERS26792884,SAMEA120135425,ERA34898373
M300563,G121eI101B,PRJEB86258,ERR15561736,ERX14965301,ERS26792907,SAMEA120135448,ERA34898396
M300564,G121eI101B,PRJEB86258,ERR15561661,ERX14965226,ERS26792832,SAMEA120135373,ERA34898321
M300565,G121eI101M,PRJEB86258,ERR15561698,ERX14965263,ERS26792869,SAMEA120135410,ERA34898358
M300566,G121eI101B,PRJEB86258,ERR15561738,ERX14965303,ERS26792909,SAMEA120135450,ERA34898398
M300567,G121eI101B,PRJEB86258,ERR15561722,ERX14965287,ERS26792893,SAMEA120135434,ERA34898382
M300568,G121eI101Z,PRJEB86258,ERR15561712,ERX14965277,ERS26792883,SAMEA120135424,ERA34898372
M300569,G121eI101B,PRJEB86258,ERR15561705,ERX14965270,ERS26792876,SAMEA120135417,ERA34898365
M300570,G121eI101B,PRJEB86258,ERR15561739,ERX14965304,ERS26792910,SAMEA120135451,ERA34898399
M300571,G121eI101B,PRJEB86258,ERR15561728,ERX14965293,ERS26792899,SAMEA120135440,ERA34898388
M300572,G121eI101B,PRJEB86258,ERR15561688,ERX14965253,ERS26792859,SAMEA120135400,ERA34898348
M300573,G121eI101M,PRJEB86258,ERR15561678,ERX14965243,ERS26792849,SAMEA120135390,ERA34898338
M300574,G121eI101B,PRJEB86258,ERR15561708,ERX14965273,ERS26792879,SAMEA120135420,ERA34898368
M300575,G121eI101R,PRJEB86258,ERR15561723,ERX14965288,ERS26792894,SAMEA120135435,ERA34898383
M300576,G121eI101B,PRJEB86258,ERR15561717,ERX14965282,ERS26792888,SAMEA120135429,ERA34898377
M300577,G121eI101B,PRJEB86258,ERR15561743,ERX14965308,ERS26792914,SAMEA120135455,ERA34898403
M300578,G121eI101B,PRJEB86258,ERR15561733,ERX14965298,ERS26792904,SAMEA120135445,ERA34898393
M300579,G121eI101M,PRJEB86258,ERR15561701,ERX14965266,ERS26792872,SAMEA120135413,ERA34898361
M300580,G121eI101B,PRJEB86258,ERR15561721,ERX14965286,ERS26792892,SAMEA120135433,ERA34898381
M300581,G121eI101B,PRJEB86258,ERR15561720,ERX14965285,ERS26792891,SAMEA120135432,ERA34898380
M300582,G121eI101B,PRJEB86258,ERR15561691,ERX14965256,ERS26792862,SAMEA120135403,ERA34898351
M300583,G121eI101B,PRJEB86258,ERR15561726,ERX14965291,ERS26792897,SAMEA120135438,ERA34898386
M300584,G121eI101B,PRJEB86258,ERR15561741,ERX14965306,ERS26792912,SAMEA120135453,ERA34898401
M300585,G121eI101Z,PRJEB86258,ERR15561668,ERX14965233,ERS26792839,SAMEA120135380,ERA34898328
M300586,G121eI101M,PRJEB86258,ERR15561695,ERX14965260,ERS26792866,SAMEA120135407,ERA34898355
M300587,G121eI101R,PRJEB86258,ERR15561653,ERX14965218,ERS26792824,SAMEA120135365,ERA34898313
M300588,G121eI101B,PRJEB86258,ERR15561749,ERX14965314,ERS26792919,SAMEA120135460,ERA34898413
M300589,G121eI101B,PRJEB86258,ERR15561740,ERX14965305,ERS26792911,SAMEA120135452,ERA34898400
M300590,G121eI101B,PRJEB86258,ERR15561724,ERX14965289,ERS26792895,SAMEA120135436,ERA34898384
M300591,G121eI101B,PRJEB86258,ERR15561709,ERX14965274,ERS26792880,SAMEA120135421,ERA34898369
M300592,G121eI101B,PRJEB86258,ERR15561727,ERX14965292,ERS26792898,SAMEA120135439,ERA34898387
M300593,G121eI101B,PRJEB86258,ERR15561732,ERX14965297,ERS26792903,SAMEA120135444,ERA34898392
M300594,G121eI101B,PRJEB86258,ERR15561730,ERX14965295,ERS26792901,SAMEA120135442,ERA34898390
M300595,G121eI101B,PRJEB86258,ERR15561725,ERX14965290,ERS26792896,SAMEA120135437,ERA34898385
M300596,G121eI101B,PRJEB86258,ERR15561748,ERX14965313,ERS26792918,SAMEA120135459,ERA34898408
M300597,G121eI101B,PRJEB86258,ERR15561737,ERX14965302,ERS26792908,SAMEA120135449,ERA34898397
M300598,G121eI101B,PRJEB86258,ERR15561746,ERX14965311,ERS26792916,SAMEA120135457,ERA34898406
M300599,G121eI101B,PRJEB86258,ERR15561729,ERX14965294,ERS26792900,SAMEA120135441,ERA34898389
M300600,G121eI101Z,PRJEB86258,ERR15561692,ERX14965257,ERS26792863,SAMEA120135404,ERA34898352
M300601,G121eI101M,PRJEB86258,ERR15561676,ERX14965241,ERS26792847,SAMEA120135388,ERA34898336
M300602,G121eD101C,PRJEB86258,ERR15561674,ERX14965239,ERS26792845,SAMEA120135386,ERA34898334
M300603,G121eD101C,PRJEB86258,ERR15561716,ERX14965281,ERS26792887,SAMEA120135428,ERA34898376
M300604,G121eD101M,PRJEB86258,ERR15561665,ERX14965230,ERS26792836,SAMEA120135377,ERA34898325
M300605,G121eD101C,PRJEB86258,ERR15561699,ERX14965264,ERS26792870,SAMEA120135411,ERA34898359
M300606,G121eD101C,PRJEB86258,ERR15561656,ERX14965221,ERS26792827,SAMEA120135368,ERA34898316
M300607,G121eD101R,PRJEB86258,ERR15561693,ERX14965258,ERS26792864,SAMEA120135405,ERA34898353
M300608,G121eD101C,PRJEB86258,ERR15561672,ERX14965237,ERS26792843,SAMEA120135384,ERA34898332
M300609,G121eD101C,PRJEB86258,ERR15561707,ERX14965272,ERS26792878,SAMEA120135419,ERA34898367
M300610,G121eD101C,PRJEB86258,ERR15561680,ERX14965245,ERS26792851,SAMEA120135392,ERA34898340
M300611,G121eD101C,PRJEB86258,ERR15561670,ERX14965235,ERS26792841,SAMEA120135382,ERA34898330
M300612,G121eD101C,PRJEB86258,ERR15561706,ERX14965271,ERS26792877,SAMEA120135418,ERA34898366
M300613,G121eD101C,PRJEB86258,ERR15561658,ERX14965223,ERS26792829,SAMEA120135370,ERA34898318
M300614,G121eD101M,PRJEB86258,ERR15561702,ERX14965267,ERS26792873,SAMEA120135414,ERA34898362
M300615,G121eD101Z,PRJEB86258,ERR15561686,ERX14965251,ERS26792857,SAMEA120135398,ERA34898346
M300616,G121eD101C,PRJEB86258,ERR15561690,ERX14965255,ERS26792861,SAMEA120135402,ERA34898350
M300617,G121eD101C,PRJEB86258,ERR15561664,ERX14965229,ERS26792835,SAMEA120135376,ERA34898324
M300618,G121eD101M,PRJEB86258,ERR15561677,ERX14965242,ERS26792848,SAMEA120135389,ERA34898337
M300619,G121eD101C,PRJEB86258,ERR15561684,ERX14965249,ERS26792855,SAMEA120135396,ERA34898344
M300620,G121eD101Z,PRJEB86258,ERR15561667,ERX14965232,ERS26792838,SAMEA120135379,ERA34898327
M300621,G121eD101C,PRJEB86258,ERR15561719,ERX14965284,ERS26792890,SAMEA120135431,ERA34898379
M300622,G121eD101C,PRJEB86258,ERR15561666,ERX14965231,ERS26792837,SAMEA120135378,ERA34898326
M300623,G121eD101C,PRJEB86258,ERR15561683,ERX14965248,ERS26792854,SAMEA120135395,ERA34898343
M300624,G121eD101C,PRJEB86258,ERR15561660,ERX14965225,ERS26792831,SAMEA120135372,ERA34898320
M300625,G121eD101C,PRJEB86258,ERR15561694,ERX14965259,ERS26792865,SAMEA120135406,ERA34898354
M300626,G121eD101Z,PRJEB86258,ERR15561700,ERX14965265,ERS26792871,SAMEA120135412,ERA34898360
M300627,G121eD101C,PRJEB86258,ERR15561671,ERX14965236,ERS26792842,SAMEA120135383,ERA34898331
M300628,G121eD101C,PRJEB86258,ERR15561703,ERX14965268,ERS26792874,SAMEA120135415,ERA34898363
M300629,G121eD101C,PRJEB86258,ERR15561675,ERX14965240,ERS26792846,SAMEA120135387,ERA34898335
M300630,G121eD101C,PRJEB86258,ERR15561735,ERX14965300,ERS26792906,SAMEA120135447,ERA34898395
M300631,G121eD101C,PRJEB86258,ERR15561681,ERX14965246,ERS26792852,SAMEA120135393,ERA34898341
M300632,G121eD101M,PRJEB86258,ERR15561655,ERX14965220,ERS26792826,SAMEA120135367,ERA34898315
M300633,G121eD101C,PRJEB86258,ERR15561687,ERX14965252,ERS26792858,SAMEA120135399,ERA34898347
M300634,G121eD101C,PRJEB86258,ERR15561682,ERX14965247,ERS26792853,SAMEA120135394,ERA34898342
M300635,G121eD101R,PRJEB86258,ERR15561711,ERX14965276,ERS26792882,SAMEA120135423,ERA34898371
M300636,G121eD101C,PRJEB86258,ERR15561663,ERX14965228,ERS26792834,SAMEA120135375,ERA34898323
M300637,G121eD101C,PRJEB86258,ERR15561697,ERX14965262,ERS26792868,SAMEA120135409,ERA34898357
M300638,G121eD101C,PRJEB86258,ERR15561673,ERX14965238,ERS26792844,SAMEA120135385,ERA34898333
M300639,G121eD101C,PRJEB86258,ERR15561715,ERX14965280,ERS26792886,SAMEA120135427,ERA34898375
M300640,G121eD101C,PRJEB86258,ERR15561657,ERX14965222,ERS26792828,SAMEA120135369,ERA34898317
M300641,G121eD101M,PRJEB86258,ERR15561669,ERX14965234,ERS26792840,SAMEA120135381,ERA34898329
M300642,G121eD101C,PRJEB86258,ERR15561704,ERX14965269,ERS26792875,SAMEA120135416,ERA34898364
M300643,G121eD101M,PRJEB86258,ERR15561654,ERX14965219,ERS26792825,SAMEA120135366,ERA34898314
M300644,G121eD101C,PRJEB86258,ERR15561744,ERX14965309,ERS26792915,SAMEA120135456,ERA34898404
M300645,G121eD101C,PRJEB86258,ERR15561685,ERX14965250,ERS26792856,SAMEA120135397,ERA34898345
M300646,G121eD101Z,PRJEB86258,ERR15561696,ERX14965261,ERS26792867,SAMEA120135408,ERA34898356
M300647,G121eD101C,PRJEB86258,ERR15561689,ERX14965254,ERS26792860,SAMEA120135401,ERA34898349
M300648,G121eD101C,PRJEB86258,ERR15561734,ERX14965299,ERS26792905,SAMEA120135446,ERA34898394
M300649,G121eD101C,PRJEB86258,ERR15561679,ERX14965244,ERS26792850,SAMEA120135391,ERA34898339
M300704,G121eO301A,PRJEB86258,ERR15563396,ERX14966892,ERS26795317,SAMEA120137858,ERA34899589
M300705,G121eO301A,PRJEB86258,ERR15563332,ERX14966828,ERS26795253,SAMEA120137794,ERA34899525
M300706,G121eO301A,PRJEB86258,ERR15563390,ERX14966886,ERS26795311,SAMEA120137852,ERA34899583
M300707,G121eO301A,PRJEB86258,ERR15563338,ERX14966834,ERS26795259,SAMEA120137800,ERA34899531
M300708,G121eO301A,PRJEB86258,ERR15563341,ERX14966837,ERS26795262,SAMEA120137803,ERA34899534
M300709,G121eO301M,PRJEB86258,ERR15563370,ERX14966866,ERS26795291,SAMEA120137832,ERA34899563
M300710,G121eO301Z,PRJEB86258,ERR15563331,ERX14966827,ERS26795252,SAMEA120137793,ERA34899524
M300711,G121eO301A,PRJEB86258,ERR15563393,ERX14966889,ERS26795314,SAMEA120137855,ERA34899586
M300712,G121eO301A,PRJEB86258,ERR15563326,ERX14966822,ERS26795247,SAMEA120137788,ERA34899519
M300713,G121eO301M,PRJEB86258,ERR15563372,ERX14966868,ERS26795293,SAMEA120137834,ERA34899565
M300714,G121eO301A,PRJEB86258,ERR15563345,ERX14966841,ERS26795266,SAMEA120137807,ERA34899538
M300715,G121eO301A,PRJEB86258,ERR15563405,ERX14966901,ERS26795326,SAMEA120137867,ERA34899598
M300716,G121eO301A,PRJEB86258,ERR15563389,ERX14966885,ERS26795310,SAMEA120137851,ERA34899582
M300717,G121eO301A,PRJEB86258,ERR15563327,ERX14966823,ERS26795248,SAMEA120137789,ERA34899520
M300718,G121eO301A,PRJEB86258,ERR15563410,ERX14966906,ERS26795331,SAMEA120137872,ERA34899603
M300719,G121eO301Z,PRJEB86258,ERR15563328,ERX14966824,ERS26795249,SAMEA120137790,ERA34899521
M300720,G121eO301M,PRJEB86258,ERR15563373,ERX14966869,ERS26795294,SAMEA120137835,ERA34899566
M300721,G121eO301A,PRJEB86258,ERR15563346,ERX14966842,ERS26795267,SAMEA120137808,ERA34899539
M300722,G121eO301A,PRJEB86258,ERR15563330,ERX14966826,ERS26795251,SAMEA120137792,ERA34899523
M300723,G121eO301A,PRJEB86258,ERR15563325,ERX14966821,ERS26795246,SAMEA120137787,ERA34899518
M300724,G121eO301A,PRJEB86258,ERR15563329,ERX14966825,ERS26795250,SAMEA120137791,ERA34899522
M300725,G121eO301A,PRJEB86258,ERR15563391,ERX14966887,ERS26795312,SAMEA120137853,ERA34899584
M300726,G121eO301R,PRJEB86258,ERR15563324,ERX14966820,ERS26795245,SAMEA120137786,ERA34899517
M300727,G121eO301A,PRJEB86258,ERR15563388,ERX14966884,ERS26795309,SAMEA120137850,ERA34899581
M300728,G121eO301Z,PRJEB86258,ERR15563347,ERX14966843,ERS26795268,SAMEA120137809,ERA34899540
M300729,G121eO301A,PRJEB86258,ERR15563403,ERX14966899,ERS26795324,SAMEA120137865,ERA34899596
M300730,G121eO301A,PRJEB86258,ERR15563344,ERX14966840,ERS26795265,SAMEA120137806,ERA34899537
M300731,G121eO301A,PRJEB86258,ERR15563359,ERX14966855,ERS26795280,SAMEA120137821,ERA34899552
M300732,G121eO301A,PRJEB86258,ERR15563348,ERX14966844,ERS26795269,SAMEA120137810,ERA34899541
M300733,G121eO301A,PRJEB86258,ERR15563342,ERX14966838,ERS26795263,SAMEA120137804,ERA34899535
M300734,G121eO301M,PRJEB86258,ERR15563377,ERX14966873,ERS26795298,SAMEA120137839,ERA34899570
M300735,G121eO301A,PRJEB86258,ERR15563376,ERX14966872,ERS26795297,SAMEA120137838,ERA34899569
M300736,G121eO301A,PRJEB86258,ERR15563408,ERX14966904,ERS26795329,SAMEA120137870,ERA34899601
M300737,G121eO301A,PRJEB86258,ERR15563334,ERX14966830,ERS26795255,SAMEA120137796,ERA34899527
M300738,G121eO301A,PRJEB86258,ERR15563395,ERX14966891,ERS26795316,SAMEA120137857,ERA34899588
M300739,G121eO301R,PRJEB86258,ERR15563387,ERX14966883,ERS26795308,SAMEA120137849,ERA34899580
M300740,G121eO301M,PRJEB86258,ERR15563333,ERX14966829,ERS26795254,SAMEA120137795,ERA34899526
M300741,G121eO301A,PRJEB86258,ERR15563398,ERX14966894,ERS26795319,SAMEA120137860,ERA34899591
M300742,G121eO301A,PRJEB86258,ERR15563323,ERX14966819,ERS26795244,SAMEA120137785,ERA34899516
M300743,G121eO301A,PRJEB86258,ERR15563378,ERX14966874,ERS26795299,SAMEA120137840,ERA34899571
M300744,G121eO301A,PRJEB86258,ERR15563339,ERX14966835,ERS26795260,SAMEA120137801,ERA34899532
M300745,G121eO301A,PRJEB86258,ERR15563356,ERX14966852,ERS26795277,SAMEA120137818,ERA34899549
M300746,G121eO301Z,PRJEB86258,ERR15563400,ERX14966896,ERS26795321,SAMEA120137862,ERA34899593
M300747,G121eO301A,PRJEB86258,ERR15563366,ERX14966862,ERS26795287,SAMEA120137828,ERA34899559
M300748,G121eO301A,PRJEB86258,ERR15563412,ERX14966908,ERS26795333,SAMEA120137874,ERA34899605
M300749,G121eO301M,PRJEB86258,ERR15563340,ERX14966836,ERS26795261,SAMEA120137802,ERA34899533
M300750,G121eO301A,PRJEB86258,ERR15563382,ERX14966878,ERS26795303,SAMEA120137844,ERA34899575
M300751,G121eO301A,PRJEB86258,ERR15563364,ERX14966860,ERS26795285,SAMEA120137826,ERA34899557
M300752,G121eO301M,PRJEB86258,ERR15563322,ERX14966818,ERS26795243,SAMEA120137784,ERA34899515
M300753,G121eO301A,PRJEB86258,ERR15563397,ERX14966893,ERS26795318,SAMEA120137859,ERA34899590
M300754,G121eO301R,PRJEB86258,ERR15563335,ERX14966831,ERS26795256,SAMEA120137797,ERA34899528
M300755,G121eO301A,PRJEB86258,ERR15563409,ERX14966905,ERS26795330,SAMEA120137871,ERA34899602
M300756,G121eO301A,PRJEB86258,ERR15563349,ERX14966845,ERS26795270,SAMEA120137811,ERA34899542
M300757,G121eO301A,PRJEB86258,ERR15563399,ERX14966895,ERS26795320,SAMEA120137861,ERA34899592
M300758,G121eO301A,PRJEB86258,ERR15563354,ERX14966850,ERS26795275,SAMEA120137816,ERA34899547
M300759,G121eO301A,PRJEB86258,ERR15563406,ERX14966902,ERS26795327,SAMEA120137868,ERA34899599
M300760,G121eO301A,PRJEB86258,ERR15563352,ERX14966848,ERS26795272,SAMEA120137813,ERA34899545
M300761,G121eO301A,PRJEB86258,ERR15563358,ERX14966854,ERS26795279,SAMEA120137820,ERA34899551
M300762,G121eO301Z,PRJEB86258,ERR15563385,ERX14966881,ERS26795306,SAMEA120137847,ERA34899578
M300763,G121eO301A,PRJEB86258,ERR15563360,ERX14966856,ERS26795281,SAMEA120137822,ERA34899553
M300764,G121eO301A,PRJEB86258,ERR15563404,ERX14966900,ERS26795325,SAMEA120137866,ERA34899597
M300765,G121eO301M,PRJEB86258,ERR15563336,ERX14966832,ERS26795257,SAMEA120137798,ERA34899529
M300766,G121eO301A,PRJEB86258,ERR15563392,ERX14966888,ERS26795313,SAMEA120137854,ERA34899585
M300767,G121eO301A,PRJEB86258,ERR15563357,ERX14966853,ERS26795278,SAMEA120137819,ERA34899550
M300768,G121eO301A,PRJEB86258,ERR15563337,ERX14966833,ERS26795258,SAMEA120137799,ERA34899530
M300769,G121eO301M,PRJEB86258,ERR15563368,ERX14966864,ERS26795289,SAMEA120137830,ERA34899561
M300770,G121eO301Z,PRJEB86258,ERR15563321,ERX14966817,ERS26795242,SAMEA120137783,ERA34899514
M300771,G121eO301A,PRJEB86258,ERR15563402,ERX14966898,ERS26795323,SAMEA120137864,ERA34899595
M300772,G121eO301A,PRJEB86258,ERR15563343,ERX14966839,ERS26795264,SAMEA120137805,ERA34899536
M300773,G121eO301A,PRJEB86258,ERR15563394,ERX14966890,ERS26795315,SAMEA120137856,ERA34899587
M300774,G121eO301A,PRJEB86258,ERR15563361,ERX14966857,ERS26795282,SAMEA120137823,ERA34899554
M300775,G121eO301A,PRJEB86258,ERR15563401,ERX14966897,ERS26795322,SAMEA120137863,ERA34899594
M300776,G121eO301A,PRJEB86258,ERR15563380,ERX14966876,ERS26795301,SAMEA120137842,ERA34899573
M300777,G121eO301A,PRJEB86258,ERR15563350,ERX14966846,ERS26795271,SAMEA120137812,ERA34899543
M300778,G121eO301A,PRJEB86258,ERR15563415,ERX14966911,ERS26795336,SAMEA120137877,ERA34899608
M300779,G121eO301Z,PRJEB86258,ERR15563353,ERX14966849,ERS26795273,SAMEA120137814,ERA34899546
M300780,G121eO301A,PRJEB86258,ERR15563381,ERX14966877,ERS26795302,SAMEA120137843,ERA34899574
M300781,G121eO301M,PRJEB86258,ERR15563375,ERX14966871,ERS26795296,SAMEA120137837,ERA34899568
M300782,G121eO301A,PRJEB86258,ERR15563367,ERX14966863,ERS26795288,SAMEA120137829,ERA34899560
M300783,G121eO301A,PRJEB86258,ERR15563363,ERX14966859,ERS26795284,SAMEA120137825,ERA34899556
M300784,G121eO301A,PRJEB86258,ERR15563379,ERX14966875,ERS26795300,SAMEA120137841,ERA34899572
M300785,G121eO301M,PRJEB86258,ERR15563407,ERX14966903,ERS26795328,SAMEA120137869,ERA34899600
M300786,G121eO301A,PRJEB86258,ERR15563369,ERX14966865,ERS26795290,SAMEA120137831,ERA34899562
M300787,G121eO301A,PRJEB86258,ERR15563416,ERX14966912,ERS26795337,SAMEA120137878,ERA34899609
M300788,G121eO301A,PRJEB86258,ERR15563362,ERX14966858,ERS26795283,SAMEA120137824,ERA34899555
M300789,G121eO301R,PRJEB86258,ERR15563411,ERX14966907,ERS26795332,SAMEA120137873,ERA34899604
M300790,G121eO301A,PRJEB86258,ERR15563351,ERX14966847,ERS26795274,SAMEA120137815,ERA34899544
M300791,G121eO301A,PRJEB86258,ERR15563365,ERX14966861,ERS26795286,SAMEA120137827,ERA34899558
M300792,G121eO301A,PRJEB86258,ERR15563384,ERX14966880,ERS26795305,SAMEA120137846,ERA34899577
M300793,G121eO301Z,PRJEB86258,ERR15563355,ERX14966851,ERS26795276,SAMEA120137817,ERA34899548
M300794,G121eO301A,PRJEB86258,ERR15563414,ERX14966910,ERS26795335,SAMEA120137876,ERA34899607
M300795,G121eO301A,PRJEB86258,ERR15563374,ERX14966870,ERS26795295,SAMEA120137836,ERA34899567
M300796,G121eO301M,PRJEB86258,ERR15563386,ERX14966882,ERS26795307,SAMEA120137848,ERA34899579
M300797,G121eO301A,PRJEB86258,ERR15563371,ERX14966867,ERS26795292,SAMEA120137833,ERA34899564
M300798,G121eO301A,PRJEB86258,ERR15563413,ERX14966909,ERS26795334,SAMEA120137875,ERA34899606
M300799,G121eO301A,PRJEB86258,ERR15563383,ERX14966879,ERS26795304,SAMEA120137845,ERA34899576
M300800,G121eI103A,PRJEB86258,ERR15117916,ERX14522612,ERS24976751,SAMEA118557553,ERA33183473
M300801,G121eI103A,PRJEB86258,ERR15118056,ERX14522752,ERS24976891,SAMEA118557693,ERA33183614
M300802,G121eI103M,PRJEB86258,ERR15117925,ERX14522621,ERS24976760,SAMEA118557562,ERA33183482
M300803,G121eI103A,PRJEB86258,ERR15118032,ERX14522728,ERS24976867,SAMEA118557669,ERA33183590
M300804,G121eI103A,PRJEB86258,ERR15117924,ERX14522620,ERS24976759,SAMEA118557561,ERA33183481
M300805,G121eI103Z,PRJEB86258,ERR15118000,ERX14522696,ERS24976835,SAMEA118557637,ERA33183558
M300806,G121eI103A,PRJEB86258,ERR15118083,ERX14522779,ERS24976918,SAMEA118557720,ERA33183641
M300807,G121eI103A,PRJEB86258,ERR15117962,ERX14522658,ERS24976797,SAMEA118557599,ERA33183519
M300808,G121eI103A,PRJEB86258,ERR15118071,ERX14522767,ERS24976906,SAMEA118557708,ERA33183629
M300809,G121eI103A,PRJEB86258,ERR15118100,ERX14522796,ERS24976935,SAMEA118557737,ERA33183658
M300810,G121eI103A,PRJEB86258,ERR15118038,ERX14522734,ERS24976873,SAMEA118557675,ERA33183596
M300811,G121eI103A,PRJEB86258,ERR15117926,ERX14522622,ERS24976761,SAMEA118557563,ERA33183483
M300812,G121eI103R,PRJEB86258,ERR15117997,ERX14522693,ERS24976832,SAMEA118557634,ERA33183555
M300813,G121eI103M,PRJEB86258,ERR15117923,ERX14522619,ERS24976758,SAMEA118557560,ERA33183480
M300814,G121eI103A,PRJEB86258,ERR15118066,ERX14522762,ERS24976901,SAMEA118557703,ERA33183624
M300815,G121eI103A,PRJEB86258,ERR15117942,ERX14522638,ERS24976777,SAMEA118557579,ERA33183499
M300816,G121eI103A,PRJEB86258,ERR15117966,ERX14522662,ERS24976801,SAMEA118557603,ERA33183523
M300817,G121eI103Z,PRJEB86258,ERR15118006,ERX14522702,ERS24976841,SAMEA118557643,ERA33183564
M300818,G121eI103A,PRJEB86258,ERR15117953,ERX14522649,ERS24976788,SAMEA118557590,ERA33183510
M300819,G121eI103A,PRJEB86258,ERR15118031,ERX14522727,ERS24976866,SAMEA118557668,ERA33183589
M300820,G121eI103A,PRJEB86258,ERR15117946,ERX14522642,ERS24976781,SAMEA118557583,ERA33183503
M300821,G121eI103A,PRJEB86258,ERR15117977,ERX14522673,ERS24976812,SAMEA118557614,ERA33183534
M300822,G121eI103A,PRJEB86258,ERR15118074,ERX14522770,ERS24976909,SAMEA118557711,ERA33183632
M300823,G121eI103M,PRJEB86258,ERR15118015,ERX14522711,ERS24976850,SAMEA118557652,ERA33183573
M300824,G121eI103A,PRJEB86258,ERR15118037,ERX14522733,ERS24976872,SAMEA118557674,ERA33183595
M300825,G121eI103A,PRJEB86258,ERR15117955,ERX14522651,ERS24976790,SAMEA118557592,ERA33183512
M300826,G121eI103M,PRJEB86258,ERR15117998,ERX14522694,ERS24976833,SAMEA118557635,ERA33183556
M300827,G121eI103A,PRJEB86258,ERR15117929,ERX14522625,ERS24976764,SAMEA118557566,ERA33183486
M300828,G121eI103A,PRJEB86258,ERR15118027,ERX14522723,ERS24976862,SAMEA118557664,ERA33183585
M300829,G121eI103A,PRJEB86258,ERR15118079,ERX14522775,ERS24976914,SAMEA118557716,ERA33183637
M300830,G121eI103Z,PRJEB86258,ERR15118029,ERX14522725,ERS24976864,SAMEA118557666,ERA33183587
M300831,G121eI103A,PRJEB86258,ERR15118044,ERX14522740,ERS24976879,SAMEA118557681,ERA33183602
M300832,G121eI103M,PRJEB86258,ERR15118060,ERX14522756,ERS24976896,SAMEA118557698,ERA33183618
M300833,G121eI103A,PRJEB86258,ERR15118024,ERX14522720,ERS24976859,SAMEA118557661,ERA33183582
M300834,G121eI103A,PRJEB86258,ERR15117941,ERX14522637,ERS24976776,SAMEA118557578,ERA33183498
M300835,G121eI103A,PRJEB86258,ERR15118033,ERX14522729,ERS24976868,SAMEA118557670,ERA33183591
M300836,G121eI103A,PRJEB86258,ERR15117981,ERX14522677,ERS24976816,SAMEA118557618,ERA33183538
M300837,G121eI103A,PRJEB86258,ERR15118081,ERX14522777,ERS24976916,SAMEA118557718,ERA33183639
M300838,G121eI103R,PRJEB86258,ERR15118012,ERX14522708,ERS24976847,SAMEA118557649,ERA33183570
M300839,G121eI103A,PRJEB86258,ERR15118067,ERX14522763,ERS24976902,SAMEA118557704,ERA33183625
M300840,G121eI103A,PRJEB86258,ERR15118068,ERX14522764,ERS24976903,SAMEA118557705,ERA33183626
M300841,G121eI103Z,PRJEB86258,ERR15117919,ERX14522615,ERS24976754,SAMEA118557556,ERA33183476
M300886,G121eI103A,PRJEB86258,ERR15118022,ERX14522718,ERS24976857,SAMEA118557659,ERA33183580
M301037,G121eI103A,PRJEB86258,ERR15117938,ERX14522634,ERS24976773,SAMEA118557575,ERA33183495
M301038,G121eI103A,PRJEB86258,ERR15117994,ERX14522690,ERS24976829,SAMEA118557631,ERA33183551
M301039,G121eI103A,PRJEB86258,ERR15117949,ERX14522645,ERS24976784,SAMEA118557586,ERA33183506
M301040,G121eI103M,PRJEB86258,ERR15118011,ERX14522707,ERS24976846,SAMEA118557648,ERA33183569
M301041,G121eI103A,PRJEB86258,ERR15118047,ERX14522743,ERS24976882,SAMEA118557684,ERA33183605
M301042,G103bI301A,PRJEB86258,ERR15117950,ERX14522646,ERS24976785,SAMEA118557587,ERA33183507
M301043,G103bI301M,PRJEB86258,ERR15117945,ERX14522641,ERS24976780,SAMEA118557582,ERA33183502
M301044,G103bI301A,PRJEB86258,ERR15117943,ERX14522639,ERS24976778,SAMEA118557580,ERA33183500
M301045,G103bI301A,PRJEB86258,ERR15118043,ERX14522739,ERS24976878,SAMEA118557680,ERA33183601
M301046,G103bI301A,PRJEB86258,ERR15117936,ERX14522632,ERS24976771,SAMEA118557573,ERA33183493
M301047,G103bI301Z,PRJEB86258,ERR15118014,ERX14522710,ERS24976849,SAMEA118557651,ERA33183572
M301048,G103bI301A,PRJEB86258,ERR15118023,ERX14522719,ERS24976858,SAMEA118557660,ERA33183581
M301049,G103bI301A,PRJEB86258,ERR15118076,ERX14522772,ERS24976911,SAMEA118557713,ERA33183634
M301050,G103bI301A,PRJEB86258,ERR15118039,ERX14522735,ERS24976874,SAMEA118557676,ERA33183597
M301051,G103bI301A,PRJEB86258,ERR15117952,ERX14522648,ERS24976787,SAMEA118557589,ERA33183509
M301052,G103bI301A,PRJEB86258,ERR15118041,ERX14522737,ERS24976876,SAMEA118557678,ERA33183599
M301053,G103bI301Z,PRJEB86258,ERR15118040,ERX14522736,ERS24976875,SAMEA118557677,ERA33183598
M301054,G103bI301A,PRJEB86258,ERR15118061,ERX14522757,ERS24976895,SAMEA118557697,ERA33183619
M301055,G103bI301A,PRJEB86258,ERR15118009,ERX14522705,ERS24976844,SAMEA118557646,ERA33183567
M301056,G103bI301M,PRJEB86258,ERR15118059,ERX14522755,ERS24976894,SAMEA118557696,ERA33183617
M301057,G103bI301A,PRJEB86258,ERR15118020,ERX14522716,ERS24976855,SAMEA118557657,ERA33183578
M301058,G103bI301A,PRJEB86258,ERR15117963,ERX14522659,ERS24976798,SAMEA118557600,ERA33183520
M301059,G103bI301A,PRJEB86258,ERR15117979,ERX14522675,ERS24976814,SAMEA118557616,ERA33183536
M301060,G103bI301A,PRJEB86258,ERR15118042,ERX14522738,ERS24976877,SAMEA118557679,ERA33183600
M301061,G103bI301R,PRJEB86258,ERR15117922,ERX14522618,ERS24976757,SAMEA118557559,ERA33183479
M301062,G103bI301M,PRJEB86258,ERR15118063,ERX14522759,ERS24976897,SAMEA118557699,ERA33183621
M301063,G103bI301A,PRJEB86258,ERR15117985,ERX14522681,ERS24976820,SAMEA118557622,ERA33183542
M301064,G103bI301A,PRJEB86258,ERR15118057,ERX14522753,ERS24976892,SAMEA118557694,ERA33183615
M301065,G103bI301A,PRJEB86258,ERR15117956,ERX14522652,ERS24976791,SAMEA118557593,ERA33183513
M301066,G103bI301A,PRJEB86258,ERR15118016,ERX14522712,ERS24976852,SAMEA118557654,ERA33183574
M301067,G103bI301Z,PRJEB86258,ERR15117917,ERX14522613,ERS24976752,SAMEA118557554,ERA33183474
M301068,G103bI301A,PRJEB86258,ERR15118082,ERX14522778,ERS24976917,SAMEA118557719,ERA33183640
M301069,G103bI301A,PRJEB86258,ERR15117948,ERX14522644,ERS24976783,SAMEA118557585,ERA33183505
M301070,G103bI301A,PRJEB86258,ERR15118049,ERX14522745,ERS24976884,SAMEA118557686,ERA33183607
M301071,G103bI301M,PRJEB86258,ERR15118008,ERX14522704,ERS24976843,SAMEA118557645,ERA33183566
M301072,G103bI301A,PRJEB86258,ERR15117939,ERX14522635,ERS24976774,SAMEA118557576,ERA33183496
M301073,G103bI301A,PRJEB86258,ERR15117980,ERX14522676,ERS24976815,SAMEA118557617,ERA33183537
M301074,G103bI301M,PRJEB86258,ERR15117915,ERX14522611,ERS24976749,SAMEA118557552,ERA33183472
M301075,G103bI301A,PRJEB86258,ERR15118018,ERX14522714,ERS24976853,SAMEA118557655,ERA33183576
M301076,G103bI301A,PRJEB86258,ERR15118065,ERX14522761,ERS24976900,SAMEA118557702,ERA33183623
M301077,G103bI301A,PRJEB86258,ERR15118051,ERX14522747,ERS24976886,SAMEA118557688,ERA33183609
M301078,G103bI301Z,PRJEB86258,ERR15118003,ERX14522699,ERS24976838,SAMEA118557640,ERA33183561
M301079,G103bI301A,PRJEB86258,ERR15118073,ERX14522769,ERS24976908,SAMEA118557710,ERA33183631
M301080,G103bI301A,PRJEB86258,ERR15117984,ERX14522680,ERS24976819,SAMEA118557621,ERA33183541
M301081,G103bI301A,PRJEB86258,ERR15117964,ERX14522660,ERS24976799,SAMEA118557601,ERA33183521
M301082,G103bI301A,PRJEB86258,ERR15117968,ERX14522664,ERS24976803,SAMEA118557605,ERA33183525
M301083,G103bI301R,PRJEB86258,ERR15118005,ERX14522701,ERS24976840,SAMEA118557642,ERA33183563
M301084,G103bI301A,PRJEB86258,ERR15118077,ERX14522773,ERS24976912,SAMEA118557714,ERA33183635
M301085,G103bI301A,PRJEB86258,ERR15118062,ERX14522758,ERS24976898,SAMEA118557700,ERA33183620
M301086,G103bI301A,PRJEB86258,ERR15117944,ERX14522640,ERS24976779,SAMEA118557581,ERA33183501
M301087,G103bI301A,PRJEB86258,ERR15118030,ERX14522726,ERS24976865,SAMEA118557667,ERA33183588
M301088,G103bI301M,PRJEB86258,ERR15117914,ERX14522610,ERS24976750,SAMEA118557551,ERA33183471
M301089,G103bI301A,PRJEB86258,ERR15118048,ERX14522744,ERS24976883,SAMEA118557685,ERA33183606
M301090,G121eI103B,PRJEB86258,ERR15117957,ERX14522653,ERS24976792,SAMEA118557594,ERA33183514
M301091,G121eI103Z,PRJEB86258,ERR15117927,ERX14522623,ERS24976763,SAMEA118557565,ERA33183484
M301092,G121eI103B,PRJEB86258,ERR15118096,ERX14522792,ERS24976931,SAMEA118557733,ERA33183654
M301093,G121eI103B,PRJEB86258,ERR15118089,ERX14522785,ERS24976924,SAMEA118557726,ERA33183647
M301094,G121eI103B,PRJEB86258,ERR15118102,ERX14522798,ERS24976937,SAMEA118557739,ERA33183660
M301095,G121eI103B,PRJEB86258,ERR15117967,ERX14522663,ERS24976802,SAMEA118557604,ERA33183524
M301096,G121eI103M,PRJEB86258,ERR15117999,ERX14522695,ERS24976834,SAMEA118557636,ERA33183557
M301097,G121eI103B,PRJEB86258,ERR15117969,ERX14522665,ERS24976804,SAMEA118557606,ERA33183526
M301098,G121eI103B,PRJEB86258,ERR15118045,ERX14522741,ERS24976880,SAMEA118557682,ERA33183603
M301099,G121eI103B,PRJEB86258,ERR15118095,ERX14522791,ERS24976930,SAMEA118557732,ERA33183653
M301100,G121eI103Z,PRJEB86258,ERR15118019,ERX14522715,ERS24976854,SAMEA118557656,ERA33183577
M301101,G121eI103B,PRJEB86258,ERR15118052,ERX14522748,ERS24976887,SAMEA118557689,ERA33183610
M301102,G121eI103B,PRJEB86258,ERR15117972,ERX14522668,ERS24976807,SAMEA118557609,ERA33183529
M301103,G121eI103B,PRJEB86258,ERR15117995,ERX14522691,ERS24976830,SAMEA118557632,ERA33183552
M301104,G121eI103B,PRJEB86258,ERR15118094,ERX14522790,ERS24976929,SAMEA118557731,ERA33183652
M301105,G121eI103M,PRJEB86258,ERR15117933,ERX14522629,ERS24976768,SAMEA118557570,ERA33183490
M301106,G121eI103M,PRJEB86258,ERR15117921,ERX14522617,ERS24976756,SAMEA118557558,ERA33183478
M301107,G121eI103B,PRJEB86258,ERR15118084,ERX14522780,ERS24976919,SAMEA118557721,ERA33183642
M301108,G121eI103R,PRJEB86258,ERR15118007,ERX14522703,ERS24976842,SAMEA118557644,ERA33183565
M301109,G121eI103B,PRJEB86258,ERR15117989,ERX14522685,ERS24976824,SAMEA118557626,ERA33183546
M301110,G121eI103B,PRJEB86258,ERR15117986,ERX14522682,ERS24976821,SAMEA118557623,ERA33183543
M301111,G121eI103B,PRJEB86258,ERR15117982,ERX14522678,ERS24976817,SAMEA118557619,ERA33183539
M301112,G121eI103B,PRJEB86258,ERR15117987,ERX14522683,ERS24976822,SAMEA118557624,ERA33183544
M301113,G121eI103B,PRJEB86258,ERR15118085,ERX14522781,ERS24976920,SAMEA118557722,ERA33183643
M301114,G121eI103B,PRJEB86258,ERR15118025,ERX14522721,ERS24976860,SAMEA118557662,ERA33183583
M301115,G121eI103B,PRJEB86258,ERR15118092,ERX14522788,ERS24976927,SAMEA118557729,ERA33183650
M301116,G121eI103B,PRJEB86258,ERR15117993,ERX14522689,ERS24976828,SAMEA118557630,ERA33183550
M301117,G121eI103Z,PRJEB86258,ERR15117960,ERX14522656,ERS24976795,SAMEA118557597,ERA33183517
M301118,G121eI103B,PRJEB86258,ERR15117974,ERX14522670,ERS24976809,SAMEA118557611,ERA33183531
M301119,G121eI103B,PRJEB86258,ERR15117990,ERX14522686,ERS24976825,SAMEA118557627,ERA33183547
M301120,G121eI103M,PRJEB86258,ERR15118046,ERX14522742,ERS24976881,SAMEA118557683,ERA33183604
M301121,G121eI103B,PRJEB86258,ERR15117975,ERX14522671,ERS24976810,SAMEA118557612,ERA33183532
M301122,G121eI103B,PRJEB86258,ERR15118097,ERX14522793,ERS24976932,SAMEA118557734,ERA33183655
M301123,G121eI103Z,PRJEB86258,ERR15118026,ERX14522722,ERS24976861,SAMEA118557663,ERA33183584
M301124,G121eI103B,PRJEB86258,ERR15118098,ERX14522794,ERS24976933,SAMEA118557735,ERA33183656
M301125,G121eI103B,PRJEB86258,ERR15117996,ERX14522692,ERS24976831,SAMEA118557633,ERA33183553
M301126,G121eI103B,PRJEB86258,ERR15118064,ERX14522760,ERS24976899,SAMEA118557701,ERA33183622
M301127,G121eI103M,PRJEB86258,ERR15117918,ERX14522614,ERS24976753,SAMEA118557555,ERA33183475
M301128,G121eI103B,PRJEB86258,ERR15118101,ERX14522797,ERS24976936,SAMEA118557738,ERA33183659
M301129,G121eI103B,PRJEB86258,ERR15117937,ERX14522633,ERS24976772,SAMEA118557574,ERA33183494
M301130,G121eI103B,PRJEB86258,ERR15117991,ERX14522687,ERS24976827,SAMEA118557629,ERA33183548
M301131,G121eI103B,PRJEB86258,ERR15118058,ERX14522754,ERS24976893,SAMEA118557695,ERA33183616
M301132,G121eI103M,PRJEB86258,ERR15117928,ERX14522624,ERS24976762,SAMEA118557564,ERA33183485
M301133,G121eI103B,PRJEB86258,ERR15118080,ERX14522776,ERS24976915,SAMEA118557717,ERA33183638
M301134,G121eI103B,PRJEB86258,ERR15117930,ERX14522626,ERS24976765,SAMEA118557567,ERA33183487
M301135,G121eI103R,PRJEB86258,ERR15118004,ERX14522700,ERS24976839,SAMEA118557641,ERA33183562
M301136,G121eI103B,PRJEB86258,ERR15117958,ERX14522654,ERS24976793,SAMEA118557595,ERA33183515
M301137,G121eI103B,PRJEB86258,ERR15118078,ERX14522774,ERS24976913,SAMEA118557715,ERA33183636
M301138,G103bI301M,PRJEB86258,ERR15118013,ERX14522709,ERS24976848,SAMEA118557650,ERA33183571
M301139,G103bI301B,PRJEB86258,ERR15118099,ERX14522795,ERS24976934,SAMEA118557736,ERA33183657
M301140,G103bI301B,PRJEB86258,ERR15117970,ERX14522666,ERS24976805,SAMEA118557607,ERA33183527
M301141,G103bI301B,PRJEB86258,ERR15117983,ERX14522679,ERS24976818,SAMEA118557620,ERA33183540
M301142,G103bI301B,PRJEB86258,ERR15118028,ERX14522724,ERS24976863,SAMEA118557665,ERA33183586
M301143,G103bI301B,PRJEB86258,ERR15118104,ERX14522800,ERS24976939,SAMEA118557741,ERA33183662
M301144,G103bI301B,PRJEB86258,ERR15118103,ERX14522799,ERS24976938,SAMEA118557740,ERA33183661
M301145,G103bI301Z,PRJEB86258,ERR15118001,ERX14522697,ERS24976836,SAMEA118557638,ERA33183559
M301146,G103bI301B,PRJEB86258,ERR15118090,ERX14522786,ERS24976925,SAMEA118557727,ERA33183648
M301147,G103bI301R,PRJEB86258,ERR15117959,ERX14522655,ERS24976794,SAMEA118557596,ERA33183516
M301148,G103bI301B,PRJEB86258,ERR15117931,ERX14522627,ERS24976766,SAMEA118557568,ERA33183488
M301149,G103bI301B,PRJEB86258,ERR15117940,ERX14522636,ERS24976775,SAMEA118557577,ERA33183497
M301150,G103bI301M,PRJEB86258,ERR15118002,ERX14522698,ERS24976837,SAMEA118557639,ERA33183560
M301151,G103bI301B,PRJEB86258,ERR15118036,ERX14522732,ERS24976871,SAMEA118557673,ERA33183594
M301152,G103bI301B,PRJEB86258,ERR15118088,ERX14522784,ERS24976923,SAMEA118557725,ERA33183646
M301153,G103bI301B,PRJEB86258,ERR15118072,ERX14522768,ERS24976907,SAMEA118557709,ERA33183630
M301154,G103bI301B,PRJEB86258,ERR15118093,ERX14522789,ERS24976928,SAMEA118557730,ERA33183651
M301155,G103bI301B,PRJEB86258,ERR15117920,ERX14522616,ERS24976755,SAMEA118557557,ERA33183477
M301156,G103bI301Z,PRJEB86258,ERR15117954,ERX14522650,ERS24976789,SAMEA118557591,ERA33183511
M301157,G103bI301B,PRJEB86258,ERR15117971,ERX14522667,ERS24976806,SAMEA118557608,ERA33183528
M301158,G103bI301B,PRJEB86258,ERR15117978,ERX14522674,ERS24976813,SAMEA118557615,ERA33183535
M301159,G103bI301B,PRJEB86258,ERR15117976,ERX14522672,ERS24976811,SAMEA118557613,ERA33183533
M301160,G103bI301M,PRJEB86258,ERR15118010,ERX14522706,ERS24976845,SAMEA118557647,ERA33183568
M301161,G103bI301B,PRJEB86258,ERR15118053,ERX14522749,ERS24976888,SAMEA118557690,ERA33183611
M301162,G103bI301B,PRJEB86258,ERR15117973,ERX14522669,ERS24976808,SAMEA118557610,ERA33183530
M301163,G103bI301B,PRJEB86258,ERR15118050,ERX14522746,ERS24976885,SAMEA118557687,ERA33183608
M301164,G103bI301B,PRJEB86258,ERR15118086,ERX14522782,ERS24976921,SAMEA118557723,ERA33183644
M301165,G103bI301M,PRJEB86258,ERR15117935,ERX14522631,ERS24976770,SAMEA118557572,ERA33183492
M301166,G103bI301B,PRJEB86258,ERR15117947,ERX14522643,ERS24976782,SAMEA118557584,ERA33183504
M301167,G103bI301Z,PRJEB86258,ERR15118055,ERX14522751,ERS24976890,SAMEA118557692,ERA33183613
M301168,G103bI301B,PRJEB86258,ERR15118069,ERX14522765,ERS24976904,SAMEA118557706,ERA33183627
M301169,G103bI301B,PRJEB86258,ERR15118087,ERX14522783,ERS24976922,SAMEA118557724,ERA33183645
M301170,G103bI301B,PRJEB86258,ERR15117951,ERX14522647,ERS24976786,SAMEA118557588,ERA33183508
M301171,G103bI301B,PRJEB86258,ERR15117934,ERX14522630,ERS24976769,SAMEA118557571,ERA33183491
M301172,G103bI301B,PRJEB86258,ERR15118054,ERX14522750,ERS24976889,SAMEA118557691,ERA33183612
M301173,G103bI301B,PRJEB86258,ERR15117988,ERX14522684,ERS24976823,SAMEA118557625,ERA33183545
M301174,G103bI301M,PRJEB86258,ERR15118017,ERX14522713,ERS24976851,SAMEA118557653,ERA33183575
M301175,G103bI301B,PRJEB86258,ERR15118035,ERX14522731,ERS24976870,SAMEA118557672,ERA33183593
M301176,G103bI301R,PRJEB86258,ERR15118034,ERX14522730,ERS24976869,SAMEA118557671,ERA33183592
M301177,G103bI301B,PRJEB86258,ERR15117992,ERX14522688,ERS24976826,SAMEA118557628,ERA33183549
M301178,G103bI301B,PRJEB86258,ERR15117961,ERX14522657,ERS24976796,SAMEA118557598,ERA33183518
M301179,G103bI301B,PRJEB86258,ERR15118070,ERX14522766,ERS24976905,SAMEA118557707,ERA33183628
M301180,G103bI301Z,PRJEB86258,ERR15117932,ERX14522628,ERS24976767,SAMEA118557569,ERA33183489
M301181,G103bI301B,PRJEB86258,ERR15118091,ERX14522787,ERS24976926,SAMEA118557728,ERA33183649
M301182,G103bI301B,PRJEB86258,ERR15118075,ERX14522771,ERS24976910,SAMEA118557712,ERA33183633
M301183,G103bI301M,PRJEB86258,ERR15118021,ERX14522717,ERS24976856,SAMEA118557658,ERA33183579
M301184,G103bI301B,PRJEB86258,ERR15118105,ERX14522801,ERS24976940,SAMEA118557742,ERA33183663
M301185,G103bI301B,PRJEB86258,ERR15117965,ERX14522661,ERS24976800,SAMEA118557602,ERA33183522
M301186,G121eO302M,PRJEB86258,ERR15562944,ERX14966440,ERS26794865,SAMEA120137406,ERA34899084
M301187,G121eO302A,PRJEB86258,ERR15563189,ERX14966685,ERS26795110,SAMEA120137651,ERA34899381
M301188,G121eO302A,PRJEB86258,ERR15563043,ERX14966539,ERS26794964,SAMEA120137505,ERA34899235
M301189,G121eO302A,PRJEB86258,ERR15563200,ERX14966696,ERS26795121,SAMEA120137662,ERA34899392
M301190,G121eO302Z,PRJEB86258,ERR15562945,ERX14966441,ERS26794866,SAMEA120137407,ERA34899085
M301191,G121eO302A,PRJEB86258,ERR15563259,ERX14966755,ERS26795180,SAMEA120137721,ERA34899451
M301192,G121eO302A,PRJEB86258,ERR15563309,ERX14966805,ERS26795230,SAMEA120137771,ERA34899501
M301193,G121eO302A,PRJEB86258,ERR15563059,ERX14966555,ERS26794980,SAMEA120137521,ERA34899251
M301194,G121eO302A,PRJEB86258,ERR15563251,ERX14966747,ERS26795172,SAMEA120137713,ERA34899443
M301195,G121eO302A,PRJEB86258,ERR15563305,ERX14966801,ERS26795226,SAMEA120137767,ERA34899497
M301196,G121eO302Z,PRJEB86258,ERR15563262,ERX14966758,ERS26795183,SAMEA120137724,ERA34899454
M301197,G121eO302M,PRJEB86258,ERR15562937,ERX14966433,ERS26794858,SAMEA120137399,ERA34899076
M301198,G121eO302A,PRJEB86258,ERR15563280,ERX14966776,ERS26795201,SAMEA120137742,ERA34899472
M301199,G121eO302A,PRJEB86258,ERR15562974,ERX14966470,ERS26794895,SAMEA120137436,ERA34899163
M301200,G121eO302A,PRJEB86258,ERR15563035,ERX14966531,ERS26794956,SAMEA120137497,ERA34899227
M301201,G121eO302A,PRJEB86258,ERR15562967,ERX14966463,ERS26794888,SAMEA120137429,ERA34899138
M301202,G121eO302A,PRJEB86258,ERR15562975,ERX14966471,ERS26794896,SAMEA120137437,ERA34899167
M301203,G121eO302A,PRJEB86258,ERR15563063,ERX14966559,ERS26794984,SAMEA120137525,ERA34899255
M301204,G121eO302A,PRJEB86258,ERR15562960,ERX14966456,ERS26794881,SAMEA120137422,ERA34899103
M301205,G121eO302A,PRJEB86258,ERR15563180,ERX14966676,ERS26795100,SAMEA120137641,ERA34899372
M301206,G121eO302A,PRJEB86258,ERR15562961,ERX14966457,ERS26794882,SAMEA120137423,ERA34899105
M301207,G121eO302R,PRJEB86258,ERR15563152,ERX14966648,ERS26795073,SAMEA120137614,ERA34899344
M301208,G121eO302A,PRJEB86258,ERR15563302,ERX14966798,ERS26795223,SAMEA120137764,ERA34899494
M301209,G121eO302M,PRJEB86258,ERR15563199,ERX14966695,ERS26795120,SAMEA120137661,ERA34899391
M301210,G121eO302A,PRJEB86258,ERR15563082,ERX14966578,ERS26795003,SAMEA120137544,ERA34899274
M301211,G121eO302A,PRJEB86258,ERR15563048,ERX14966544,ERS26794969,SAMEA120137510,ERA34899240
M301212,G121eO302A,PRJEB86258,ERR15563317,ERX14966813,ERS26795238,SAMEA120137779,ERA34899509
M301213,G121eO302M,PRJEB86258,ERR15562947,ERX14966443,ERS26794868,SAMEA120137409,ERA34899087
M301214,G121eO302A,PRJEB86258,ERR15563054,ERX14966550,ERS26794975,SAMEA120137516,ERA34899246
M301215,G121eO302A,PRJEB86258,ERR15563213,ERX14966709,ERS26795134,SAMEA120137675,ERA34899405
M301216,G121eO302A,PRJEB86258,ERR15563315,ERX14966811,ERS26795236,SAMEA120137777,ERA34899507
M301217,G121eO302Z,PRJEB86258,ERR15563245,ERX14966741,ERS26795166,SAMEA120137707,ERA34899437
M301218,G121eO302Z,PRJEB86258,ERR15563287,ERX14966783,ERS26795208,SAMEA120137749,ERA34899479
M301219,G121eO302A,PRJEB86258,ERR15563314,ERX14966810,ERS26795235,SAMEA120137776,ERA34899506
M301220,G121eO302A,PRJEB86258,ERR15562939,ERX14966435,ERS26794862,SAMEA120137400,ERA34899079
M301221,G121eO302M,PRJEB86258,ERR15563235,ERX14966731,ERS26795156,SAMEA120137697,ERA34899427
M301222,G121eO302A,PRJEB86258,ERR15563138,ERX14966634,ERS26795059,SAMEA120137600,ERA34899330
M301223,G121eO302A,PRJEB86258,ERR15563050,ERX14966546,ERS26794971,SAMEA120137512,ERA34899242
M301224,G121eO302A,PRJEB86258,ERR15563168,ERX14966664,ERS26795089,SAMEA120137630,ERA34899360
M301225,G121eO302A,PRJEB86258,ERR15563289,ERX14966785,ERS26795210,SAMEA120137751,ERA34899481
M301226,G121eO302A,PRJEB86258,ERR15563191,ERX14966687,ERS26795112,SAMEA120137653,ERA34899383
M301227,G121eO302A,PRJEB86258,ERR15562953,ERX14966449,ERS26794874,SAMEA120137415,ERA34899094
M301228,G121eO302R,PRJEB86258,ERR15563257,ERX14966753,ERS26795178,SAMEA120137719,ERA34899449
M301229,G121eO302A,PRJEB86258,ERR15562977,ERX14966473,ERS26794898,SAMEA120137439,ERA34899169
M301230,G121eO302A,PRJEB86258,ERR15563265,ERX14966761,ERS26795186,SAMEA120137727,ERA34899457
M301231,G121eO302A,PRJEB86258,ERR15562946,ERX14966442,ERS26794867,SAMEA120137408,ERA34899086
M301232,G121eO302M,PRJEB86258,ERR15563246,ERX14966742,ERS26795167,SAMEA120137708,ERA34899438
M301233,G121eO302A,PRJEB86258,ERR15563188,ERX14966684,ERS26795109,SAMEA120137650,ERA34899380
M301234,G103bO201A,PRJEB86258,ERR15562951,ERX14966447,ERS26794872,SAMEA120137413,ERA34899092
M301235,G103bO201A,PRJEB86258,ERR15563113,ERX14966609,ERS26795034,SAMEA120137575,ERA34899305
M301236,G103bO201A,PRJEB86258,ERR15562954,ERX14966450,ERS26794875,SAMEA120137416,ERA34899095
M301237,G103bO201A,PRJEB86258,ERR15563148,ERX14966644,ERS26795069,SAMEA120137610,ERA34899340
M301238,G103bO201A,PRJEB86258,ERR15562955,ERX14966451,ERS26794876,SAMEA120137417,ERA34899096
M301239,G103bO201M,PRJEB86258,ERR15563219,ERX14966715,ERS26795140,SAMEA120137681,ERA34899411
M301240,G103bO201A,PRJEB86258,ERR15563212,ERX14966708,ERS26795133,SAMEA120137674,ERA34899404
M301241,G103bO201Z,PRJEB86258,ERR15563288,ERX14966784,ERS26795209,SAMEA120137750,ERA34899480
M301242,G103bO201A,PRJEB86258,ERR15563299,ERX14966795,ERS26795220,SAMEA120137761,ERA34899491
M301243,G103bO201A,PRJEB86258,ERR15562956,ERX14966452,ERS26794877,SAMEA120137418,ERA34899097
M301244,G103bO201M,PRJEB86258,ERR15563160,ERX14966656,ERS26795081,SAMEA120137622,ERA34899352
M301245,G103bO201A,PRJEB86258,ERR15563223,ERX14966719,ERS26795144,SAMEA120137685,ERA34899415
M301246,G103bO201R,PRJEB86258,ERR15563264,ERX14966760,ERS26795185,SAMEA120137726,ERA34899456
M301247,G103bO201A,PRJEB86258,ERR15563250,ERX14966746,ERS26795171,SAMEA120137712,ERA34899442
M301248,G103bO201A,PRJEB86258,ERR15563227,ERX14966723,ERS26795148,SAMEA120137689,ERA34899419
M301249,G103bO201A,PRJEB86258,ERR15563198,ERX14966694,ERS26795119,SAMEA120137660,ERA34899390
M301250,G103bO201B,PRJEB86258,ERR15562958,ERX14966454,ERS26794878,SAMEA120137419,ERA34899099
M301251,G103bO201B,PRJEB86258,ERR15563222,ERX14966718,ERS26795143,SAMEA120137684,ERA34899414
M301252,G103bO201B,PRJEB86258,ERR15563300,ERX14966796,ERS26795221,SAMEA120137762,ERA34899492
M301253,G103bO201Z,PRJEB86258,ERR15563137,ERX14966633,ERS26795058,SAMEA120137599,ERA34899329
M301254,G103bO201B,PRJEB86258,ERR15563244,ERX14966740,ERS26795165,SAMEA120137706,ERA34899436
M301255,G103bO201B,PRJEB86258,ERR15563276,ERX14966772,ERS26795197,SAMEA120137738,ERA34899468
M301256,G103bO201B,PRJEB86258,ERR15563319,ERX14966815,ERS26795240,SAMEA120137781,ERA34899511
M301257,G103bO201M,PRJEB86258,ERR15562942,ERX14966438,ERS26794861,SAMEA120137404,ERA34899082
M301258,G103bO201B,PRJEB86258,ERR15563184,ERX14966680,ERS26795105,SAMEA120137646,ERA34899376
M301259,G103bO201M,PRJEB86258,ERR15562962,ERX14966458,ERS26794883,SAMEA120137424,ERA34899106
M301260,G103bO201Z,PRJEB86258,ERR15563141,ERX14966637,ERS26795062,SAMEA120137603,ERA34899333
M301261,G103bO201B,PRJEB86258,ERR15562995,ERX14966491,ERS26794916,SAMEA120137457,ERA34899187
M301262,G103bO201B,PRJEB86258,ERR15563087,ERX14966583,ERS26795008,SAMEA120137549,ERA34899279
M301263,G103bO201B,PRJEB86258,ERR15563197,ERX14966693,ERS26795118,SAMEA120137659,ERA34899389
M301264,G103bO201B,PRJEB86258,ERR15562938,ERX14966434,ERS26794860,SAMEA120137401,ERA34899077
M301265,G103bO201B,PRJEB86258,ERR15563114,ERX14966610,ERS26795035,SAMEA120137576,ERA34899306
M301266,G103bO201C,PRJEB86258,ERR15562966,ERX14966462,ERS26794887,SAMEA120137428,ERA34899128
M301267,G103bO201C,PRJEB86258,ERR15563155,ERX14966651,ERS26795076,SAMEA120137617,ERA34899347
M301268,G103bO201C,PRJEB86258,ERR15563291,ERX14966787,ERS26795212,SAMEA120137753,ERA34899483
M301269,G103bO201M,PRJEB86258,ERR15563195,ERX14966691,ERS26795116,SAMEA120137657,ERA34899387
M301270,G103bO201C,PRJEB86258,ERR15563320,ERX14966816,ERS26795241,SAMEA120137782,ERA34899512
M301271,G103bO201C,PRJEB86258,ERR15563292,ERX14966788,ERS26795213,SAMEA120137754,ERA34899484
M301272,G103bO201R,PRJEB86258,ERR15563263,ERX14966759,ERS26795184,SAMEA120137725,ERA34899455
M301273,G103bO201C,PRJEB86258,ERR15562941,ERX14966437,ERS26794863,SAMEA120137403,ERA34899081
M301274,G103bO201Z,PRJEB86258,ERR15563156,ERX14966652,ERS26795077,SAMEA120137618,ERA34899348
M301275,G103bO201C,PRJEB86258,ERR15563086,ERX14966582,ERS26795007,SAMEA120137548,ERA34899278
M301276,G103bO201C,PRJEB86258,ERR15563275,ERX14966771,ERS26795196,SAMEA120137737,ERA34899467
M301277,G103bO201C,PRJEB86258,ERR15563252,ERX14966748,ERS26795173,SAMEA120137714,ERA34899444
M301278,G103bO201C,PRJEB86258,ERR15563126,ERX14966622,ERS26795047,SAMEA120137588,ERA34899318
M301279,G103bO201M,PRJEB86258,ERR15563186,ERX14966682,ERS26795107,SAMEA120137648,ERA34899378
M301280,G103bO201C,PRJEB86258,ERR15562990,ERX14966486,ERS26794911,SAMEA120137452,ERA34899182
M301281,G103bO201C,PRJEB86258,ERR15563303,ERX14966799,ERS26795224,SAMEA120137765,ERA34899495
M301282,G121eO302B,PRJEB86258,ERR15563023,ERX14966519,ERS26794944,SAMEA120137485,ERA34899215
M301283,G121eO302B,PRJEB86258,ERR15563032,ERX14966528,ERS26794953,SAMEA120137494,ERA34899224
M301284,G121eO302Z,PRJEB86258,ERR15563225,ERX14966721,ERS26795146,SAMEA120137687,ERA34899417
M301285,G121eO302B,PRJEB86258,ERR15563294,ERX14966790,ERS26795215,SAMEA120137756,ERA34899486
M301286,G121eO302M,PRJEB86258,ERR15563204,ERX14966700,ERS26795125,SAMEA120137666,ERA34899396
M301287,G121eO302B,PRJEB86258,ERR15562973,ERX14966469,ERS26794894,SAMEA120137435,ERA34899159
M301288,G121eO302B,PRJEB86258,ERR15563267,ERX14966763,ERS26795188,SAMEA120137729,ERA34899459
M301289,G121eO302B,PRJEB86258,ERR15562972,ERX14966468,ERS26794893,SAMEA120137434,ERA34899158
M301290,G121eO302M,PRJEB86258,ERR15563273,ERX14966769,ERS26795194,SAMEA120137735,ERA34899465
M301291,G121eO302B,PRJEB86258,ERR15562963,ERX14966459,ERS26794884,SAMEA120137425,ERA34899113
M301292,G121eO302B,PRJEB86258,ERR15563255,ERX14966751,ERS26795176,SAMEA120137717,ERA34899447
M301293,G121eO302R,PRJEB86258,ERR15563211,ERX14966707,ERS26795132,SAMEA120137673,ERA34899403
M301294,G121eO302B,PRJEB86258,ERR15562957,ERX14966453,ERS26794879,SAMEA120137420,ERA34899098
M301295,G121eO302B,PRJEB86258,ERR15563045,ERX14966541,ERS26794966,SAMEA120137507,ERA34899237
M301296,G121eO302B,PRJEB86258,ERR15562980,ERX14966476,ERS26794901,SAMEA120137442,ERA34899172
M301297,G121eO302B,PRJEB86258,ERR15563042,ERX14966538,ERS26794963,SAMEA120137504,ERA34899234
M301298,G121eO302B,PRJEB86258,ERR15562970,ERX14966466,ERS26794891,SAMEA120137432,ERA34899150
M301299,G121eO302M,PRJEB86258,ERR15563217,ERX14966713,ERS26795138,SAMEA120137679,ERA34899409
M301300,G121eO302Z,PRJEB86258,ERR15563277,ERX14966773,ERS26795198,SAMEA120137739,ERA34899469
M301301,G121eO302B,PRJEB86258,ERR15563290,ERX14966786,ERS26795211,SAMEA120137752,ERA34899482
M301302,G121eO302B,PRJEB86258,ERR15563030,ERX14966526,ERS26794951,SAMEA120137492,ERA34899222
M301303,G121eO302B,PRJEB86258,ERR15562969,ERX14966465,ERS26794890,SAMEA120137431,ERA34899149
M301304,G121eO302B,PRJEB86258,ERR15563161,ERX14966657,ERS26795082,SAMEA120137623,ERA34899353
M301305,G121eO302B,PRJEB86258,ERR15563039,ERX14966535,ERS26794960,SAMEA120137501,ERA34899231
M301306,G121eO302B,PRJEB86258,ERR15563278,ERX14966774,ERS26795199,SAMEA120137740,ERA34899470
M301307,G121eO302B,PRJEB86258,ERR15563242,ERX14966738,ERS26795163,SAMEA120137704,ERA34899434
M301308,G121eO302M,PRJEB86258,ERR15563237,ERX14966733,ERS26795158,SAMEA120137699,ERA34899429
M301309,G121eO302Z,PRJEB86258,ERR15563203,ERX14966699,ERS26795124,SAMEA120137665,ERA34899395
M301310,G121eO302B,PRJEB86258,ERR15562976,ERX14966472,ERS26794897,SAMEA120137438,ERA34899168
M301311,G121eO302B,PRJEB86258,ERR15563243,ERX14966739,ERS26795164,SAMEA120137705,ERA34899435
M301312,G121eO302B,PRJEB86258,ERR15563316,ERX14966812,ERS26795237,SAMEA120137778,ERA34899508
M301313,G121eO302B,PRJEB86258,ERR15563047,ERX14966543,ERS26794968,SAMEA120137509,ERA34899239
M301314,G121eO302B,PRJEB86258,ERR15563313,ERX14966809,ERS26795234,SAMEA120137775,ERA34899505
M301315,G121eO302B,PRJEB86258,ERR15563312,ERX14966808,ERS26795233,SAMEA120137774,ERA34899504
M301316,G121eO302B,PRJEB86258,ERR15563318,ERX14966814,ERS26795239,SAMEA120137780,ERA34899510
M301317,G121eO302B,PRJEB86258,ERR15562983,ERX14966479,ERS26794904,SAMEA120137445,ERA34899175
M301318,G121eO302B,PRJEB86258,ERR15563027,ERX14966523,ERS26794948,SAMEA120137489,ERA34899219
M301319,G121eO302B,PRJEB86258,ERR15562959,ERX14966455,ERS26794880,SAMEA120137421,ERA34899100
M301320,G121eO302R,PRJEB86258,ERR15563240,ERX14966736,ERS26795161,SAMEA120137702,ERA34899432
M301321,G121eO302M,PRJEB86258,ERR15562952,ERX14966448,ERS26794873,SAMEA120137414,ERA34899093
M301322,G121eO302B,PRJEB86258,ERR15563072,ERX14966568,ERS26794993,SAMEA120137534,ERA34899264
M301323,G121eO302B,PRJEB86258,ERR15563154,ERX14966650,ERS26795075,SAMEA120137616,ERA34899346
M301324,G121eO302B,PRJEB86258,ERR15562997,ERX14966493,ERS26794918,SAMEA120137459,ERA34899189
M301325,G121eO302B,PRJEB86258,ERR15563044,ERX14966540,ERS26794965,SAMEA120137506,ERA34899236
M301326,G121eO302B,PRJEB86258,ERR15562979,ERX14966475,ERS26794900,SAMEA120137441,ERA34899171
M301327,G121eO302M,PRJEB86258,ERR15563164,ERX14966660,ERS26795085,SAMEA120137626,ERA34899356
M301328,G121eO302Z,PRJEB86258,ERR15562943,ERX14966439,ERS26794864,SAMEA120137405,ERA34899083
M301329,G121eO302B,PRJEB86258,ERR15563170,ERX14966666,ERS26795091,SAMEA120137632,ERA34899362
M301330,G103bO202A,PRJEB86258,ERR15563207,ERX14966703,ERS26795128,SAMEA120137669,ERA34899399
M301331,G103bO202R,PRJEB86258,ERR15563274,ERX14966770,ERS26795195,SAMEA120137736,ERA34899466
M301332,G103bO202A,PRJEB86258,ERR15563231,ERX14966727,ERS26795152,SAMEA120137693,ERA34899423
M301333,G103bO202M,PRJEB86258,ERR15562949,ERX14966445,ERS26794870,SAMEA120137411,ERA34899089
M301334,G103bO202A,PRJEB86258,ERR15563162,ERX14966658,ERS26795083,SAMEA120137624,ERA34899354
M301335,G103bO202A,PRJEB86258,ERR15563151,ERX14966647,ERS26795072,SAMEA120137613,ERA34899343
M301336,G103bO202A,PRJEB86258,ERR15563279,ERX14966775,ERS26795200,SAMEA120137741,ERA34899471
M301337,G103bO202A,PRJEB86258,ERR15563224,ERX14966720,ERS26795145,SAMEA120137686,ERA34899416
M301338,G103bO202A,PRJEB86258,ERR15563221,ERX14966717,ERS26795142,SAMEA120137683,ERA34899413
M301339,G103bO202A,PRJEB86258,ERR15563208,ERX14966704,ERS26795129,SAMEA120137670,ERA34899400
M301340,G103bO202M,PRJEB86258,ERR15562940,ERX14966436,ERS26794859,SAMEA120137402,ERA34899080
M301341,G103bO202A,PRJEB86258,ERR15563239,ERX14966735,ERS26795160,SAMEA120137701,ERA34899431
M301342,G103bO202A,PRJEB86258,ERR15563293,ERX14966789,ERS26795214,SAMEA120137755,ERA34899485
M301343,G103bO202Z,PRJEB86258,ERR15563136,ERX14966632,ERS26795057,SAMEA120137598,ERA34899328
M301344,G103bO202A,PRJEB86258,ERR15563236,ERX14966732,ERS26795157,SAMEA120137698,ERA34899428
M301345,G103bO202A,PRJEB86258,ERR15563297,ERX14966793,ERS26795218,SAMEA120137759,ERA34899489
M301346,G103bO202B,PRJEB86258,ERR15563295,ERX14966791,ERS26795216,SAMEA120137757,ERA34899487
M301347,G103bO202B,PRJEB86258,ERR15562968,ERX14966464,ERS26794889,SAMEA120137430,ERA34899142
M301348,G103bO202B,PRJEB86258,ERR15563176,ERX14966672,ERS26795097,SAMEA120137638,ERA34899368
M301349,G103bO202M,PRJEB86258,ERR15562950,ERX14966446,ERS26794871,SAMEA120137412,ERA34899091
M301350,G103bO202Z,PRJEB86258,ERR15563266,ERX14966762,ERS26795187,SAMEA120137728,ERA34899458
M301351,G103bO202B,PRJEB86258,ERR15562978,ERX14966474,ERS26794899,SAMEA120137440,ERA34899170
M301352,G103bO202B,PRJEB86258,ERR15563094,ERX14966590,ERS26795015,SAMEA120137556,ERA34899286
M301353,G103bO202B,PRJEB86258,ERR15563206,ERX14966702,ERS26795127,SAMEA120137668,ERA34899398
M301354,G103bO202B,PRJEB86258,ERR15563026,ERX14966522,ERS26794947,SAMEA120137488,ERA34899218
M301355,G103bO202R,PRJEB86258,ERR15563175,ERX14966671,ERS26795096,SAMEA120137637,ERA34899367
M301356,G103bO202B,PRJEB86258,ERR15562964,ERX14966460,ERS26794885,SAMEA120137426,ERA34899117
M301357,G103bO202B,PRJEB86258,ERR15563165,ERX14966661,ERS26795086,SAMEA120137627,ERA34899357
M301358,G103bO202B,PRJEB86258,ERR15562971,ERX14966467,ERS26794892,SAMEA120137433,ERA34899156
M301359,G103bO202B,PRJEB86258,ERR15563116,ERX14966612,ERS26795037,SAMEA120137578,ERA34899308
M301360,G103bO202B,PRJEB86258,ERR15563283,ERX14966779,ERS26795204,SAMEA120137745,ERA34899475
M301361,G103bO202M,PRJEB86258,ERR15563282,ERX14966778,ERS26795203,SAMEA120137744,ERA34899474
M301362,G103bO202M,PRJEB86258,ERR15563182,ERX14966678,ERS26795103,SAMEA120137644,ERA34899374
M301363,G103bO202C,PRJEB86258,ERR15562948,ERX14966444,ERS26794869,SAMEA120137410,ERA34899088
M301364,G103bO202C,PRJEB86258,ERR15563033,ERX14966529,ERS26794954,SAMEA120137495,ERA34899225
M301365,G103bO202C,PRJEB86258,ERR15563117,ERX14966613,ERS26795038,SAMEA120137579,ERA34899309
M301366,G103bO202C,PRJEB86258,ERR15563270,ERX14966766,ERS26795191,SAMEA120137732,ERA34899462
M301367,G103bO202C,PRJEB86258,ERR15563209,ERX14966705,ERS26795130,SAMEA120137671,ERA34899401
M301368,G103bO202C,PRJEB86258,ERR15563140,ERX14966636,ERS26795061,SAMEA120137602,ERA34899332
M301369,G103bO202Z,PRJEB86258,ERR15563268,ERX14966764,ERS26795189,SAMEA120137730,ERA34899460
M301370,G103bO202C,PRJEB86258,ERR15562965,ERX14966461,ERS26794886,SAMEA120137427,ERA34899121
M301371,G103bO202C,PRJEB86258,ERR15563247,ERX14966743,ERS26795168,SAMEA120137709,ERA34899439
M301372,G103bO202C,PRJEB86258,ERR15563286,ERX14966782,ERS26795207,SAMEA120137748,ERA34899478
M301373,G103bO202C,PRJEB86258,ERR15563144,ERX14966640,ERS26795065,SAMEA120137606,ERA34899336
M301374,G103bO202C,PRJEB86258,ERR15563285,ERX14966781,ERS26795206,SAMEA120137747,ERA34899477
M301375,G103bO202Z,PRJEB86258,ERR15563281,ERX14966777,ERS26795202,SAMEA120137743,ERA34899473
M301376,G103bO202M,PRJEB86258,ERR15563218,ERX14966714,ERS26795139,SAMEA120137680,ERA34899410
M301377,G103bO202C,PRJEB86258,ERR15563025,ERX14966521,ERS26794946,SAMEA120137487,ERA34899217
M301474,G121eI104A,PRJEB86258,ERR15563129,ERX14966625,ERS26795050,SAMEA120137591,ERA34899321
M301475,G121eI104M,PRJEB86258,ERR15563132,ERX14966628,ERS26795053,SAMEA120137594,ERA34899324
M301476,G121eI104A,PRJEB86258,ERR15563118,ERX14966614,ERS26795039,SAMEA120137580,ERA34899310
M301477,G121eI104A,PRJEB86258,ERR15562988,ERX14966484,ERS26794909,SAMEA120137450,ERA34899180
M301478,G121eI104A,PRJEB86258,ERR15562992,ERX14966488,ERS26794913,SAMEA120137454,ERA34899184
M301479,G121eI104R,PRJEB86258,ERR15563193,ERX14966689,ERS26795114,SAMEA120137655,ERA34899385
M301480,G121eI104A,PRJEB86258,ERR15562989,ERX14966485,ERS26794910,SAMEA120137451,ERA34899181
M301481,G121eI104A,PRJEB86258,ERR15563128,ERX14966624,ERS26795049,SAMEA120137590,ERA34899320
M301482,G121eI104A,PRJEB86258,ERR15563005,ERX14966501,ERS26794926,SAMEA120137467,ERA34899197
M301483,G121eI104Z,PRJEB86258,ERR15563053,ERX14966549,ERS26794974,SAMEA120137515,ERA34899245
M301484,G121eI104A,PRJEB86258,ERR15562991,ERX14966487,ERS26794912,SAMEA120137453,ERA34899183
M301485,G121eI104A,PRJEB86258,ERR15563090,ERX14966586,ERS26795011,SAMEA120137552,ERA34899282
M301486,G121eI104A,PRJEB86258,ERR15563051,ERX14966547,ERS26794972,SAMEA120137513,ERA34899243
M301487,G121eI104A,PRJEB86258,ERR15563001,ERX14966497,ERS26794922,SAMEA120137463,ERA34899193
M301488,G121eI104M,PRJEB86258,ERR15563202,ERX14966698,ERS26795123,SAMEA120137664,ERA34899394
M301489,G121eI104A,PRJEB86258,ERR15562996,ERX14966492,ERS26794917,SAMEA120137458,ERA34899188
M301490,G121eI104A,PRJEB86258,ERR15563122,ERX14966618,ERS26795043,SAMEA120137584,ERA34899314
M301491,G121eI104A,PRJEB86258,ERR15563004,ERX14966500,ERS26794925,SAMEA120137466,ERA34899196
M301492,G121eI104Z,PRJEB86258,ERR15563056,ERX14966552,ERS26794977,SAMEA120137518,ERA34899248
M301493,G121eI104A,PRJEB86258,ERR15563107,ERX14966603,ERS26795028,SAMEA120137569,ERA34899299
M301494,G121eI104A,PRJEB86258,ERR15563013,ERX14966509,ERS26794934,SAMEA120137475,ERA34899205
M301495,G121eI104M,PRJEB86258,ERR15563214,ERX14966710,ERS26795135,SAMEA120137676,ERA34899406
M301496,G121eI104A,PRJEB86258,ERR15563021,ERX14966517,ERS26794942,SAMEA120137483,ERA34899213
M301497,G121eI104A,PRJEB86258,ERR15563092,ERX14966588,ERS26795013,SAMEA120137554,ERA34899284
M301498,G121eI104Z,PRJEB86258,ERR15563011,ERX14966507,ERS26794932,SAMEA120137473,ERA34899203
M301499,G121eI104A,PRJEB86258,ERR15563153,ERX14966649,ERS26795074,SAMEA120137615,ERA34899345
M301500,G121eI104A,PRJEB86258,ERR15563052,ERX14966548,ERS26794973,SAMEA120137514,ERA34899244
M301501,G121eI104A,PRJEB86258,ERR15562986,ERX14966482,ERS26794907,SAMEA120137448,ERA34899178
M301502,G121eI104M,PRJEB86258,ERR15563022,ERX14966518,ERS26794943,SAMEA120137484,ERA34899214
M301503,G121eI104A,PRJEB86258,ERR15563006,ERX14966502,ERS26794927,SAMEA120137468,ERA34899198
M301504,G121eI104A,PRJEB86258,ERR15563159,ERX14966655,ERS26795080,SAMEA120137621,ERA34899351
M301505,G121eI104A,PRJEB86258,ERR15563019,ERX14966515,ERS26794940,SAMEA120137481,ERA34899211
M301506,G121eI104A,PRJEB86258,ERR15563172,ERX14966668,ERS26795093,SAMEA120137634,ERA34899364
M301507,G121eI104M,PRJEB86258,ERR15562981,ERX14966477,ERS26794902,SAMEA120137443,ERA34899173
M301508,G121eI104A,PRJEB86258,ERR15563125,ERX14966621,ERS26795046,SAMEA120137587,ERA34899317
M301509,G121eI104A,PRJEB86258,ERR15563106,ERX14966602,ERS26795027,SAMEA120137568,ERA34899298
M301510,G121eI104A,PRJEB86258,ERR15563007,ERX14966503,ERS26794928,SAMEA120137469,ERA34899199
M301511,G121eI104A,PRJEB86258,ERR15563112,ERX14966608,ERS26795033,SAMEA120137574,ERA34899304
M301512,G121eI104R,PRJEB86258,ERR15563018,ERX14966514,ERS26794939,SAMEA120137480,ERA34899210
M301513,G121eI104A,PRJEB86258,ERR15563119,ERX14966615,ERS26795040,SAMEA120137581,ERA34899311
M301514,G121eI104A,PRJEB86258,ERR15563009,ERX14966505,ERS26794930,SAMEA120137471,ERA34899201
M301515,G121eI104A,PRJEB86258,ERR15563002,ERX14966498,ERS26794923,SAMEA120137464,ERA34899194
M301516,G121eI104A,PRJEB86258,ERR15563121,ERX14966617,ERS26795042,SAMEA120137583,ERA34899313
M301517,G121eI104M,PRJEB86258,ERR15562982,ERX14966478,ERS26794903,SAMEA120137444,ERA34899174
M301518,G121eI104A,PRJEB86258,ERR15563083,ERX14966579,ERS26795004,SAMEA120137545,ERA34899275
M301519,G121eI104A,PRJEB86258,ERR15563012,ERX14966508,ERS26794933,SAMEA120137474,ERA34899204
M301520,G121eI104Z,PRJEB86258,ERR15563073,ERX14966569,ERS26794994,SAMEA120137535,ERA34899265
M301521,G121eI104A,PRJEB86258,ERR15563010,ERX14966506,ERS26794931,SAMEA120137472,ERA34899202
M301522,G121eI104B,PRJEB86258,ERR15562985,ERX14966481,ERS26794906,SAMEA120137447,ERA34899177
M301523,G121eI104B,PRJEB86258,ERR15563100,ERX14966596,ERS26795021,SAMEA120137562,ERA34899292
M301524,G121eI104B,PRJEB86258,ERR15562994,ERX14966490,ERS26794915,SAMEA120137456,ERA34899186
M301525,G121eI104Z,PRJEB86258,ERR15563205,ERX14966701,ERS26795126,SAMEA120137667,ERA34899397
M301526,G121eI104B,PRJEB86258,ERR15563031,ERX14966527,ERS26794952,SAMEA120137493,ERA34899223
M301527,G121eI104B,PRJEB86258,ERR15563150,ERX14966646,ERS26795071,SAMEA120137612,ERA34899342
M301528,G121eI104B,PRJEB86258,ERR15562984,ERX14966480,ERS26794905,SAMEA120137446,ERA34899176
M301529,G121eI104M,PRJEB86258,ERR15563196,ERX14966692,ERS26795117,SAMEA120137658,ERA34899388
M301530,G121eI104B,PRJEB86258,ERR15563003,ERX14966499,ERS26794924,SAMEA120137465,ERA34899195
M301531,G121eI104B,PRJEB86258,ERR15563057,ERX14966553,ERS26794978,SAMEA120137519,ERA34899249
M301532,G121eI104B,PRJEB86258,ERR15563192,ERX14966688,ERS26795113,SAMEA120137654,ERA34899384
M301533,G121eI104M,PRJEB86258,ERR15563067,ERX14966563,ERS26794988,SAMEA120137529,ERA34899259
M301534,G121eI104Z,PRJEB86258,ERR15563210,ERX14966706,ERS26795131,SAMEA120137672,ERA34899402
M301535,G121eI104B,PRJEB86258,ERR15563041,ERX14966537,ERS26794962,SAMEA120137503,ERA34899233
M301536,G121eI104B,PRJEB86258,ERR15563178,ERX14966674,ERS26795102,SAMEA120137643,ERA34899370
M301537,G121eI104B,PRJEB86258,ERR15563000,ERX14966496,ERS26794921,SAMEA120137462,ERA34899192
M301538,G121eI104B,PRJEB86258,ERR15562993,ERX14966489,ERS26794914,SAMEA120137455,ERA34899185
M301539,G121eI104R,PRJEB86258,ERR15563101,ERX14966597,ERS26795022,SAMEA120137563,ERA34899293
M301540,G121eI104B,PRJEB86258,ERR15563017,ERX14966513,ERS26794938,SAMEA120137479,ERA34899209
M301541,G121eI104B,PRJEB86258,ERR15563127,ERX14966623,ERS26795048,SAMEA120137589,ERA34899319
M301542,G121eI104B,PRJEB86258,ERR15563046,ERX14966542,ERS26794967,SAMEA120137508,ERA34899238
M301543,G121eI104M,PRJEB86258,ERR15563064,ERX14966560,ERS26794985,SAMEA120137526,ERA34899256
M301544,G121eI104B,PRJEB86258,ERR15562999,ERX14966495,ERS26794920,SAMEA120137461,ERA34899191
M301545,G121eI104B,PRJEB86258,ERR15563169,ERX14966665,ERS26795090,SAMEA120137631,ERA34899361
M301546,G121eI104M,PRJEB86258,ERR15563105,ERX14966601,ERS26795026,SAMEA120137567,ERA34899297
M301547,G121eI104B,PRJEB86258,ERR15563016,ERX14966512,ERS26794937,SAMEA120137478,ERA34899208
M301548,G121eI104B,PRJEB86258,ERR15563147,ERX14966643,ERS26795068,SAMEA120137609,ERA34899339
M301549,G121eI104B,PRJEB86258,ERR15563024,ERX14966520,ERS26794945,SAMEA120137486,ERA34899216
M301550,G121eI104B,PRJEB86258,ERR15563120,ERX14966616,ERS26795041,SAMEA120137582,ERA34899312
M301551,G121eI104B,PRJEB86258,ERR15563014,ERX14966510,ERS26794935,SAMEA120137476,ERA34899206
M301552,G121eI104Z,PRJEB86258,ERR15563040,ERX14966536,ERS26794961,SAMEA120137502,ERA34899232
M301553,G121eI104B,PRJEB86258,ERR15563066,ERX14966562,ERS26794987,SAMEA120137528,ERA34899258
M301554,G121eI104B,PRJEB86258,ERR15563029,ERX14966525,ERS26794950,SAMEA120137491,ERA34899221
M301555,G121eI104B,PRJEB86258,ERR15563145,ERX14966641,ERS26795066,SAMEA120137607,ERA34899337
M301556,G121eI104B,PRJEB86258,ERR15563020,ERX14966516,ERS26794941,SAMEA120137482,ERA34899212
M301557,G121eI104B,PRJEB86258,ERR15563135,ERX14966631,ERS26795056,SAMEA120137597,ERA34899327
M301558,G121eI104Z,PRJEB86258,ERR15563028,ERX14966524,ERS26794949,SAMEA120137490,ERA34899220
M301559,G121eI104M,PRJEB86258,ERR15563173,ERX14966669,ERS26795094,SAMEA120137635,ERA34899365
M301560,G121eI104B,PRJEB86258,ERR15562998,ERX14966494,ERS26794919,SAMEA120137460,ERA34899190
M301561,G121eI104B,PRJEB86258,ERR15563055,ERX14966551,ERS26794976,SAMEA120137517,ERA34899247
M301562,G121eI104B,PRJEB86258,ERR15563103,ERX14966599,ERS26795024,SAMEA120137565,ERA34899295
M301563,G121eI104M,PRJEB86258,ERR15562987,ERX14966483,ERS26794908,SAMEA120137449,ERA34899179
M301564,G121eI104B,PRJEB86258,ERR15563149,ERX14966645,ERS26795070,SAMEA120137611,ERA34899341
M301565,G121eI104B,PRJEB86258,ERR15563036,ERX14966532,ERS26794957,SAMEA120137498,ERA34899228
M301566,G121eI104B,PRJEB86258,ERR15563130,ERX14966626,ERS26795051,SAMEA120137592,ERA34899322
M301567,G121eI104B,PRJEB86258,ERR15563008,ERX14966504,ERS26794929,SAMEA120137470,ERA34899200
M301568,G121eI104R,PRJEB86258,ERR15563084,ERX14966580,ERS26795005,SAMEA120137546,ERA34899276
M301569,G121eI104B,PRJEB86258,ERR15563115,ERX14966611,ERS26795036,SAMEA120137577,ERA34899307
M301570,G121eI104C,PRJEB86258,ERR15563256,ERX14966752,ERS26795177,SAMEA120137718,ERA34899448
M301571,G121eI104C,PRJEB86258,ERR15563060,ERX14966556,ERS26794981,SAMEA120137522,ERA34899252
M301572,G121eI104C,PRJEB86258,ERR15563304,ERX14966800,ERS26795225,SAMEA120137766,ERA34899496
M301573,G121eI104C,PRJEB86258,ERR15563065,ERX14966561,ERS26794986,SAMEA120137527,ERA34899257
M301574,G121eI104Z,PRJEB86258,ERR15563062,ERX14966558,ERS26794983,SAMEA120137524,ERA34899254
M301575,G121eI104M,PRJEB86258,ERR15563143,ERX14966639,ERS26795064,SAMEA120137605,ERA34899335
M301576,G121eI104C,PRJEB86258,ERR15563076,ERX14966572,ERS26794997,SAMEA120137538,ERA34899268
M301577,G121eI104C,PRJEB86258,ERR15563253,ERX14966749,ERS26795174,SAMEA120137715,ERA34899445
M301578,G121eI104C,PRJEB86258,ERR15563095,ERX14966591,ERS26795016,SAMEA120137557,ERA34899287
M301579,G121eI104C,PRJEB86258,ERR15563249,ERX14966745,ERS26795170,SAMEA120137711,ERA34899441
M301580,G121eI104C,PRJEB86258,ERR15563077,ERX14966573,ERS26794998,SAMEA120137539,ERA34899269
M301581,G121eI104M,PRJEB86258,ERR15563230,ERX14966726,ERS26795151,SAMEA120137692,ERA34899422
M301582,G121eI104C,PRJEB86258,ERR15563311,ERX14966807,ERS26795232,SAMEA120137773,ERA34899503
M301583,G121eI104C,PRJEB86258,ERR15563068,ERX14966564,ERS26794989,SAMEA120137530,ERA34899260
M301584,G121eI104C,PRJEB86258,ERR15563306,ERX14966802,ERS26795227,SAMEA120137768,ERA34899498
M301585,G121eI104Z,PRJEB86258,ERR15563134,ERX14966630,ERS26795055,SAMEA120137596,ERA34899326
M301586,G121eI104M,PRJEB86258,ERR15563241,ERX14966737,ERS26795162,SAMEA120137703,ERA34899433
M301587,G121eI104C,PRJEB86258,ERR15563075,ERX14966571,ERS26794996,SAMEA120137537,ERA34899267
M301588,G121eI104C,PRJEB86258,ERR15563070,ERX14966566,ERS26794991,SAMEA120137532,ERA34899262
M301589,G121eI104C,PRJEB86258,ERR15563260,ERX14966756,ERS26795181,SAMEA120137722,ERA34899452
M301590,G121eI104R,PRJEB86258,ERR15563185,ERX14966681,ERS26795106,SAMEA120137647,ERA34899377
M301591,G121eI104C,PRJEB86258,ERR15563284,ERX14966780,ERS26795205,SAMEA120137746,ERA34899476
M301592,G121eI104C,PRJEB86258,ERR15563037,ERX14966533,ERS26794958,SAMEA120137499,ERA34899229
M301593,G121eI104C,PRJEB86258,ERR15563194,ERX14966690,ERS26795115,SAMEA120137656,ERA34899386
M301594,G121eI104C,PRJEB86258,ERR15563111,ERX14966607,ERS26795032,SAMEA120137573,ERA34899303
M301595,G121eI104C,PRJEB86258,ERR15563269,ERX14966765,ERS26795190,SAMEA120137731,ERA34899461
M301596,G121eI104Z,PRJEB86258,ERR15563163,ERX14966659,ERS26795084,SAMEA120137625,ERA34899355
M301597,G121eI104C,PRJEB86258,ERR15563110,ERX14966606,ERS26795031,SAMEA120137572,ERA34899302
M301598,G121eI104C,PRJEB86258,ERR15563220,ERX14966716,ERS26795141,SAMEA120137682,ERA34899412
M301599,G121eI104C,PRJEB86258,ERR15563058,ERX14966554,ERS26794979,SAMEA120137520,ERA34899250
M301600,G121eI104M,PRJEB86258,ERR15563232,ERX14966728,ERS26795153,SAMEA120137694,ERA34899424
M301601,G121eI104C,PRJEB86258,ERR15563096,ERX14966592,ERS26795017,SAMEA120137558,ERA34899288
M301602,G121eI104C,PRJEB86258,ERR15563271,ERX14966767,ERS26795192,SAMEA120137733,ERA34899463
M301603,G121eI104C,PRJEB86258,ERR15563074,ERX14966570,ERS26794995,SAMEA120137536,ERA34899266
M301604,G121eI104C,PRJEB86258,ERR15563272,ERX14966768,ERS26795193,SAMEA120137734,ERA34899464
M301605,G121eI104M,PRJEB86258,ERR15563124,ERX14966620,ERS26795045,SAMEA120137586,ERA34899316
M301606,G121eI104C,PRJEB86258,ERR15563078,ERX14966574,ERS26794999,SAMEA120137540,ERA34899270
M301607,G121eI104Z,PRJEB86258,ERR15563142,ERX14966638,ERS26795063,SAMEA120137604,ERA34899334
M301608,G121eI104C,PRJEB86258,ERR15563157,ERX14966653,ERS26795078,SAMEA120137619,ERA34899349
M301609,G121eI104C,PRJEB86258,ERR15563261,ERX14966757,ERS26795182,SAMEA120137723,ERA34899453
M301610,G121eI104X,PRJEB86258,ERR15563049,ERX14966545,ERS26794970,SAMEA120137511,ERA34899241
M301611,G121eI104X,PRJEB86258,ERR15563038,ERX14966534,ERS26794959,SAMEA120137500,ERA34899230
M301612,G121eI104R,PRJEB86258,ERR15563123,ERX14966619,ERS26795044,SAMEA120137585,ERA34899315
M301613,G121eI104X,PRJEB86258,ERR15563091,ERX14966587,ERS26795012,SAMEA120137553,ERA34899283
M301614,G121eI104X,PRJEB86258,ERR15563310,ERX14966806,ERS26795231,SAMEA120137772,ERA34899502
M301615,G121eI104R,PRJEB86258,ERR15563131,ERX14966627,ERS26795052,SAMEA120137593,ERA34899323
M301616,G121eI104X,PRJEB86258,ERR15563307,ERX14966803,ERS26795228,SAMEA120137769,ERA34899499
M301617,G121eI104X,PRJEB86258,ERR15563174,ERX14966670,ERS26795095,SAMEA120137636,ERA34899366
M301618,G121eI104C,PRJEB86258,ERR15563081,ERX14966577,ERS26795002,SAMEA120137543,ERA34899273
M301619,G121eI104M,PRJEB86258,ERR15563171,ERX14966667,ERS26795092,SAMEA120137633,ERA34899363
M301620,G121eI104C,PRJEB86258,ERR15563104,ERX14966600,ERS26795025,SAMEA120137566,ERA34899296
M301621,G121eI104C,PRJEB86258,ERR15563296,ERX14966792,ERS26795217,SAMEA120137758,ERA34899488
M301622,G121eI104C,PRJEB86258,ERR15563080,ERX14966576,ERS26795001,SAMEA120137542,ERA34899272
M301623,G121eI104Z,PRJEB86258,ERR15563215,ERX14966711,ERS26795136,SAMEA120137677,ERA34899407
M301624,G121eI104C,PRJEB86258,ERR15563015,ERX14966511,ERS26794936,SAMEA120137477,ERA34899207
M301625,G121eI104C,PRJEB86258,ERR15563308,ERX14966804,ERS26795229,SAMEA120137770,ERA34899500
M301626,G121eI104C,PRJEB86258,ERR15563034,ERX14966530,ERS26794955,SAMEA120137496,ERA34899226
M301627,G121eI104C,PRJEB86258,ERR15563099,ERX14966595,ERS26795020,SAMEA120137561,ERA34899291
M301628,G121eI104Z,PRJEB86258,ERR15563108,ERX14966604,ERS26795029,SAMEA120137570,ERA34899300
M301629,G121eI104C,PRJEB86258,ERR15563088,ERX14966584,ERS26795009,SAMEA120137550,ERA34899280
M301630,G121eI104M,PRJEB86258,ERR15563098,ERX14966594,ERS26795019,SAMEA120137560,ERA34899290
M301631,G121eI104C,PRJEB86258,ERR15563085,ERX14966581,ERS26795006,SAMEA120137547,ERA34899277
M301632,G121eI104C,PRJEB86258,ERR15563233,ERX14966729,ERS26795154,SAMEA120137695,ERA34899425
M301633,G121eI104C,PRJEB86258,ERR15563089,ERX14966585,ERS26795010,SAMEA120137551,ERA34899281
M301634,G121eI104C,PRJEB86258,ERR15563079,ERX14966575,ERS26795000,SAMEA120137541,ERA34899271
M301635,G121eI104M,PRJEB86258,ERR15563133,ERX14966629,ERS26795054,SAMEA120137595,ERA34899325
M301636,G121eI104C,PRJEB86258,ERR15563146,ERX14966642,ERS26795067,SAMEA120137608,ERA34899338
M301637,G121eI104R,PRJEB86258,ERR15563139,ERX14966635,ERS26795060,SAMEA120137601,ERA34899331
M301638,G121eI104C,PRJEB86258,ERR15563102,ERX14966598,ERS26795023,SAMEA120137564,ERA34899294
M301639,G121eI104C,PRJEB86258,ERR15563254,ERX14966750,ERS26795175,SAMEA120137716,ERA34899446
M301640,G121eI104C,PRJEB86258,ERR15563071,ERX14966567,ERS26794992,SAMEA120137533,ERA34899263
M301641,G121eI104C,PRJEB86258,ERR15563298,ERX14966794,ERS26795219,SAMEA120137760,ERA34899490
M301642,G121eI104C,PRJEB86258,ERR15563258,ERX14966754,ERS26795179,SAMEA120137720,ERA34899450
M301643,G121eI104C,PRJEB86258,ERR15563097,ERX14966593,ERS26795018,SAMEA120137559,ERA34899289
M301644,G121eI104Z,PRJEB86258,ERR15563228,ERX14966724,ERS26795149,SAMEA120137690,ERA34899420
M301645,G121eI104C,PRJEB86258,ERR15563069,ERX14966565,ERS26794990,SAMEA120137531,ERA34899261
M301646,G121eI104C,PRJEB86258,ERR15563301,ERX14966797,ERS26795222,SAMEA120137763,ERA34899493
M301647,G121eI104C,PRJEB86258,ERR15563093,ERX14966589,ERS26795014,SAMEA120137555,ERA34899285
M301648,G121eI104C,PRJEB86258,ERR15563061,ERX14966557,ERS26794982,SAMEA120137523,ERA34899253
M301649,G121eI104M,PRJEB86258,ERR15563109,ERX14966605,ERS26795030,SAMEA120137571,ERA34899301
M301650,G121eI104R,PRJEB86258,ERR15563181,ERX14966677,ERS26795101,SAMEA120137642,ERA34899373
M301651,G121eI104R,PRJEB86258,ERR15563187,ERX14966683,ERS26795108,SAMEA120137649,ERA34899379
M301652,G121eI104R,PRJEB86258,ERR15563167,ERX14966663,ERS26795088,SAMEA120137629,ERA34899359
M301653,G121eI104R,PRJEB86258,ERR15563248,ERX14966744,ERS26795169,SAMEA120137710,ERA34899440
M301654,G121eI104R,PRJEB86258,ERR15563177,ERX14966673,ERS26795098,SAMEA120137639,ERA34899369
M301655,G121eI104R,PRJEB86258,ERR15563226,ERX14966722,ERS26795147,SAMEA120137688,ERA34899418
M301656,G121eI104R,PRJEB86258,ERR15563158,ERX14966654,ERS26795079,SAMEA120137620,ERA34899350
M301657,G121eI104R,PRJEB86258,ERR15563190,ERX14966686,ERS26795111,SAMEA120137652,ERA34899382
M301658,G121eI104R,PRJEB86258,ERR15563201,ERX14966697,ERS26795122,SAMEA120137663,ERA34899393
M301659,G121eI104R,PRJEB86258,ERR15563179,ERX14966675,ERS26795099,SAMEA120137640,ERA34899371
M301660,G121eI104R,PRJEB86258,ERR15563238,ERX14966734,ERS26795159,SAMEA120137700,ERA34899430
M301661,G121eI104R,PRJEB86258,ERR15563183,ERX14966679,ERS26795104,SAMEA120137645,ERA34899375
M301662,G121eI104R,PRJEB86258,ERR15563234,ERX14966730,ERS26795155,SAMEA120137696,ERA34899426
M301663,G121eI104R,PRJEB86258,ERR15563166,ERX14966662,ERS26795087,SAMEA120137628,ERA34899358
M301664,G121eI104R,PRJEB86258,ERR15563229,ERX14966725,ERS26795150,SAMEA120137691,ERA34899421
M301665,G121eI104R,PRJEB86258,ERR15563216,ERX14966712,ERS26795137,SAMEA120137678,ERA34899408